ref_class,cells,datasets,source
B_cell,1200,1,dura
CNS_neural_glial,1200,15,adult_brain
NK_ILC,1200,1,dura
T_cell,1200,1,dura
blood_endothelial,1200,1,dura
choroid_plexus,1200,1,any
dendritic_cell,1200,1,dura
erythroid,1200,9,adult
fibroblast_stromal,1200,1,dura
lymphatic_endothelial,1200,10,adult
macrophage_BAM,1200,1,dura
mast_cell,300,1,dura
monocyte,1200,1,dura
mural_pericyte_SMC,1200,22,adult
neutrophil,1200,1,dura
olfactory_epithelium,1200,1,any
osteoblast,466,2,any
osteoclast,1200,1,any
plasma_cell,354,1,dura
skeletal_muscle,1200,5,adult
