gene_id,611,626,624,623,0466
ENSMUSG00000036596,-0.13063939981502734,-0.2514492003389548,0.6901482856230687,-0.09728879755214254,-0.3630913432644325
ENSMUSG00000030116,-0.06128850626263702,0.03880988049616996,-0.11769806215399936,0.08146931444337314,0.05303672038386807
ENSMUSG00000027408,-1.0061835895583426,-0.16738567700104012,0.08288473359797867,0.542685565326809,0.288837910169318
ENSMUSG00000021390,0.25185989565979133,-0.3425120407450407,0.23826328232909108,-0.05608256705755801,-0.14338835408422043
ENSMUSG00000020884,-0.7010894717746856,-0.09011164159280506,-0.0671147932248731,0.07400141542408452,0.6098007381245406
ENSMUSG00000084890,-0.2470292228837403,0.36016314118574483,-0.02031709972750947,-0.1428388851018303,0.006377015240342276
ENSMUSG00000020467,-0.6166448812149005,-0.13625589656363807,0.07299729973148256,0.41436416018887734,0.1509978849593555
ENSMUSG00000002020,-0.42052098170477153,-0.12340832976556182,0.3223916644939858,0.27830115376126185,-0.13450677224148014
ENSMUSG00000086283,-0.08112704867872435,-0.8041464263681476,-0.2697863527689174,-0.013532163600186591,0.8623222379151768
ENSMUSG00000000753,-0.7302723715537657,-0.46607624053302127,0.5147923506148909,0.16480425133201768,0.30008178211014824
ENSMUSG00000041559,-1.0452861634404553,-0.7659994465983847,0.987197017013721,0.3381670397241352,-0.0648010684831283
ENSMUSG00000044006,-1.8047196874837843,0.5753929433906028,-0.5973569596849653,0.528621639412528,0.5502944579975406
ENSMUSG00000027386,-0.19005734755291934,-0.3779455317583622,0.397718114753971,-0.44301405034456004,0.4622602874470918
ENSMUSG00000049409,0.6358991694817995,-0.32903561690257954,0.0703950602378922,-0.7808437892401433,0.17759402432853003
ENSMUSG00000016995,-2.1611182636182673,0.530310068215537,-0.0802839351963941,0.8216488140920281,0.011463503258089855
ENSMUSG00000020473,-0.48938940674833187,-0.486324650109407,0.6233796382604344,0.4530204693640729,-0.3434225513626778
ENSMUSG00000089669,0.04090485255827848,-0.2644311774994631,0.5982060050563849,-0.16656799006938824,-0.32867023473204005
ENSMUSG00000040181,0.4967896343014957,-0.11388844637427407,-0.30755917573032326,0.36168186876108627,-0.6058721867795485
ENSMUSG00000073889,0.36173583699898176,-0.29292867851972876,-0.07699873675523329,-0.39608480871589213,0.3092268623248387
ENSMUSG00000020241,-0.23288240909005542,-0.5222538647444794,0.6014840000735485,0.09031211468977524,-0.08163883980547104
ENSMUSG00000036446,0.1012919924677927,-0.041733530101074175,0.23779552542004964,-0.07713888289468675,-0.24736175046114833
ENSMUSG00000043099,-0.2020447297914121,0.3596697694750171,0.07608991255544656,0.02634523208106658,-0.3158697307781734
ENSMUSG00000046402,-0.9903523660313768,0.2477671957483629,-0.10633577795418588,0.500715828000305,0.1110952169375331
ENSMUSG00000026697,-0.46682566541530457,-0.014643629450509477,0.4798031159736849,-0.371068084255994,0.243769109415601
ENSMUSG00000009633,0.24191600133284905,-0.39796818258351524,-0.05656541377152231,0.14961413307496976,0.016063748902332076
ENSMUSG00000027340,-0.26308221755165156,-1.9695024447581713,0.5648070579456773,0.7008670947502044,0.20247070324113411
ENSMUSG00000045827,-0.39029870454254234,-0.07768477925521318,0.059322221163729844,0.47427911311134663,-0.14984183178519508
ENSMUSG00000055538,0.36178170315574276,-0.045470458165589527,0.11983956873521637,-0.15065061304589566,-0.34356814170804423
ENSMUSG00000030934,-0.0083813256660698,-0.23715978647420305,0.1732599929714934,0.1617956354716321,-0.11445962516214676
ENSMUSG00000052911,-0.10172699109557098,-0.041360599730116576,0.09976172901854721,-0.015191268718843692,0.05349386336033717
ENSMUSG00000070576,-0.4035276007639019,0.9633088735736854,-0.4196310676143327,-0.21913533797965248,-0.2331078010626806
ENSMUSG00000020866,-0.612766182964973,-0.0686210096353939,0.22834706464952026,0.3741116565563584,-0.030263785833292294
ENSMUSG00000061524,-0.3169572486765415,-0.17341815465626229,-0.10798045237098955,0.3056053116851387,0.23434189003236547
ENSMUSG00000029122,0.10106623215397766,0.0866469158204044,0.22168349322347522,-0.30524397806541814,-0.13939372820673904
ENSMUSG00000040055,-0.18448145046609202,-1.1978352998126138,0.35832175992499266,0.3757475740588968,0.3288388436332927
ENSMUSG00000047793,0.2970267052287452,-1.0135644659808352,0.2408629558639654,0.2426006071583702,0.018849382820001644
ENSMUSG00000062488,0.20268893830440848,0.08358052163236877,-0.5811555936255413,0.41955514836877467,-0.24504680833442216
ENSMUSG00000023191,-1.4083338288017064,-0.7777590120958446,1.114093317748609,0.07921059192535727,0.24525197873312718
ENSMUSG00000033208,-0.15659941898700247,-0.007879410615222196,-0.11411262412324073,0.2931159965341202,-0.040416446737244094
ENSMUSG00000037003,0.06722353997549399,-0.1712003212555649,0.10611606570666136,-0.044922343427783694,0.033275199985428404
ENSMUSG00000024247,0.10918891202576825,-0.1094243431140345,0.06832253373681789,0.36540833242380705,-0.5163687846628484
ENSMUSG00000050288,0.40451797304484277,0.5024111079653132,0.45647195531100915,-0.5260197532627475,-1.289376969731594
ENSMUSG00000002732,0.08943633773943471,-0.1381092156926417,0.1367543272964113,0.03641650306442193,-0.1376392646408404
ENSMUSG00000019872,-0.29040993335757054,-0.4748447499960793,0.2889028304507443,0.32802854583847424,0.049945232665796806
ENSMUSG00000024076,0.36505515666252336,0.09204752224902968,0.49210451255574206,-0.4483936305673809,-0.7102589316174273
ENSMUSG00000095687,-0.3571355297881282,-0.33276185786461404,0.4861377735213398,0.15989501550002147,-0.05903575811752197
ENSMUSG00000015085,-1.182198698305615,0.41841405822091776,0.16687143821962966,0.3979258869090203,-0.10773297744017238
ENSMUSG00000030917,-0.12191984937637884,-0.4180536450755484,-0.06529758419622035,0.3674790334948129,0.16687876744425245
ENSMUSG00000022816,0.3301990025569863,-0.49882223510650436,0.083100286600852,-0.13305430350893485,0.14103187083739147
ENSMUSG00000055053,-0.14525871658403616,0.11190982473844543,0.3235631362465209,0.14222088990590465,-0.5134685304096587
ENSMUSG00000053199,-0.4451169118190408,-0.43124793365030195,-0.15869604491033043,0.6695898169282677,0.179724548394946
ENSMUSG00000044317,0.1656063247992502,0.6242075399338907,0.3786493435659958,-1.4829923809052676,-0.1551153434330355
ENSMUSG00000020774,-0.4145006667975054,-0.44984819235220547,0.37220863711227065,0.35888918572083406,0.006689876873800552
ENSMUSG00000061535,-0.1637413183126489,-0.2295720628884924,-0.6105553418553525,0.3276543722645219,0.5128979914220697
ENSMUSG00000028469,0.029829787624416546,0.0028901631639194794,0.33154608315017836,-0.41229082024445185,-0.007118889121790851
ENSMUSG00000027953,0.042778001314753025,-0.690678212389576,0.17226784562292968,0.07110875258589705,0.29469677880785466
ENSMUSG00000035112,-0.15339030633359066,-0.022890133553960815,0.313186131677689,0.10812181580752092,-0.28878366263932226
ENSMUSG00000028270,-1.0004617620774698,0.698764112743977,-0.22447372667722257,0.6700753549174688,-0.6023318830949449
ENSMUSG00000032359,-0.23595350763668937,-0.22329484794932078,0.01280646446615314,0.09442388083187812,0.3095586110330141
ENSMUSG00000027318,-0.7296515025833602,0.30818607951108984,0.6173847602141964,0.592024593530278,-1.3574265840989241
