,Fibroblast,Osteoblast / chondrocyte,Osteoclast,Erythrocyte (blood),Immune,Vascular,Olfactory / nasal,Neural / CP / ependymal,"Other (muscle, adipocyte, keratinocyte)"
VT3YXB_1,0.18894254362971252,0.051000943442837426,0.013237248497420634,0.0645769994172937,0.09527631012486829,0.03605283871594311,0.2795780572130228,0.18087549282906606,0.09045956612983552
VT3YXB_2,0.31582739120591113,0.11723864942391306,0.04948494362414827,0.13123414930314958,0.1302678403263496,0.04575722731914282,0.0,0.14402152439961802,0.06616827439776751
VT3YXB_3,0.2610411248922751,0.09329072792451956,0.020406967551144486,0.135287993569045,0.12380727317766782,0.047756799169545755,0.0571399044787506,0.14982811233846205,0.11144109689858961
VT3YXB_4,0.2323400235288158,0.15315719040214681,0.05391324752045652,0.07013482161919625,0.138130964965002,0.08284098986068458,0.0,0.156208075797764,0.11327468630593418
VT3YXB_5,0.2388513933220692,0.06642764238603083,0.07535869590700804,0.1440522692835791,0.12488419173726537,0.06775795023130457,0.0,0.1788533540066665,0.10381450312607643
VT3YXB_6,0.16982898608761435,0.15164908476825525,0.2606318274646539,0.23738738423382877,0.05162127844856458,0.029428248052710906,0.0,0.06445562421770387,0.03499756672666832
VT3YXB_7,0.22668454043096314,0.11391332407536453,0.03115933601291249,0.2529543345318194,0.07367201327619308,0.04291981725724734,0.0,0.1752875856776617,0.08340904873783828
VT3YXB_8,0.37670402712843265,0.18474061412269033,0.03215239266227779,0.03369172493100672,0.11680304985737595,0.08124419768149725,0.0,0.14294644220246758,0.03171755141425181
VT3YXB_9,0.3321828910098456,0.1015357598667965,0.056452266215525376,0.042221414416476914,0.17699648527778736,0.0904955113684186,0.0,0.13782131636008838,0.06229435548506146
VT3YXB_10,0.32487105936586,0.20683854868388535,0.04728292465580545,0.030774328836134162,0.17455779339759495,0.07721608172787138,0.0,0.11713646344592828,0.02132279988692032
VT3YXB_11,0.3102030367990496,0.11218289572792561,0.00918157907471098,0.3169220320081536,0.0565070563578476,0.08250854643066069,0.0,0.09006412941609157,0.022430724185560358
VT3YXB_12,0.30362338491664853,0.16745348868019458,0.05250597231185434,0.04485715212508556,0.18676202650962645,0.0930189277344521,0.0,0.1189260629528491,0.03285298476928922
VT3YXB_13,0.306661237684038,0.1499684611191923,0.022659557727775285,0.08829838738409963,0.14333582895099248,0.0761792614719879,0.0,0.17455784442686742,0.038339421235046856
VT3YXB_14,0.20892405586253313,0.15008417813308453,0.22592842626961956,0.19708479096580245,0.049169038291768795,0.025496505916820247,0.0,0.10862780083594395,0.034685203724427294
VT3YXB_15,0.32065433284584666,0.08874061099589203,0.05338486681304223,0.11021184357309483,0.12189076023223147,0.06276554960021177,0.0037788470058002896,0.1658910296880695,0.07268215924581134
VT3YXB_16,0.28314781418059465,0.09196376535687834,0.055128452433187786,0.03819767091504278,0.1234610146383659,0.0774268073983476,0.0,0.2489168337370317,0.0817576413405513
VT3YXB_17,0.2337992941050265,0.1763419117292456,0.08847475957958933,0.05960358039302149,0.11295579608524975,0.0747670992415822,0.0,0.13327525980234992,0.12078229906393523
VT3YXB_18,0.10603768422356888,0.1591168497947539,0.4562410415465032,0.042245545506003124,0.09151163693772466,0.02029808980542547,0.0,0.05436897799138908,0.07018017419463163
