,oligodendrocyte,neutrophil,schwann,keratinocyte,pericyte,NK_ILC,chondrocyte,mast_cell,endothelial,neuron,OPC,astrocyte,microglia,plasma_cell,monocyte,dendritic_cell,macrophage,smooth_muscle,T_cell,B_cell,ependymal,erythrocyte,adipocyte,skeletal_muscle,FIB_dura,osteoblast,olfactory_epithelial,choroid_plexus_epithelial,osteoclast,olfactory_ensheathing,olfactory_receptor_neuron
VT3YXB_1,0.0,0.0,0.0,0.0,0.0,0.0,0.0,0.00393693736958574,0.004384732577695158,0.0,0.0,0.009307324420039948,0.0,0.47448396020560707,0.0,0.0,0.0,0.0,0.0,0.0,0.030071278429886848,0.0,0.0,0.0,0.21959935629408653,0.0,0.22060029119689542,0.0,0.0,0.0,0.0376161195062034
VT3YXB_2,0.0016970079807658986,0.0,0.0018720671322425648,0.002569175103020631,0.0,0.00026147941631314613,0.0,0.03689814405508698,0.05709100527044846,0.012182155706183567,0.0,0.05134141556112314,0.0,0.029475135360946255,0.0,0.0,0.13798927633077004,0.0,0.0,0.0,0.021954657061070595,0.03974975074469686,0.0022102088931065054,0.0,0.5015313141631994,0.07705348950212886,0.003242898818962197,0.008376597400501274,0.008473374033116687,0.0,0.006030847466316912
VT3YXB_3,0.0,0.0,0.0,0.00190143221711361,0.0,0.0,0.0,0.03212415566044068,0.0354134272190436,0.004773618662482329,0.0,0.037997067926514805,0.0,0.24155257936277233,0.0,0.0,0.06137617133111386,0.0,0.0,0.0,0.027382517072308283,0.036575562314704144,0.0017162896586587367,0.0,0.3649070318673739,0.033448404010527406,0.09571651659464323,0.0,0.0,0.0,0.02511522610230308
VT3YXB_4,0.000845282382413311,0.0,0.0,0.0033042769747016454,0.007172526475192824,0.0,0.0,0.03554041339930277,0.04844293226897496,0.014475871473092572,0.0,0.04185509807323802,0.0010336547499756883,0.03260767027928085,0.0,0.0,0.1143970511148484,0.0,0.0,0.0,0.012748414727771237,0.02174118643975844,0.05323962003434916,0.011179595138355602,0.46687826527712506,0.10571668861527021,0.01238125492881946,0.0015806722815391704,0.006961545514637813,0.0,0.00789797985135301
VT3YXB_5,0.0,0.002161591103722061,0.0,0.0004090557664203133,0.0,0.0018972551972422616,0.0,0.03069090679614929,0.05191691115304681,0.018867586364275924,0.0,0.03813274147878291,0.0,0.002220591581986799,0.028701354888306777,0.0,0.1365475968497036,0.0,0.0,0.0,0.006860201148370853,0.10053455523050227,0.007861090409421826,0.0,0.4571715260239569,0.09611790097925271,0.0,0.00565740248713193,0.012995280984538563,0.0,0.0012564515571882506
VT3YXB_6,0.00019391931981412055,0.0,0.0,0.00011491718325185859,0.0,0.0,0.0,0.017802110063339788,0.03912163944649329,0.009685629722449348,0.0,0.032834054327313456,0.0,0.0,0.0,0.0,0.05816115531031216,0.0,0.0,0.0,0.0035660103999896795,0.08341413299995774,0.0,0.0,0.5334451423844888,0.14813440782063236,0.0,0.0032127446452031336,0.07031413637675407,0.0,0.0
VT3YXB_7,0.0,0.0,0.0,0.0010410594151677491,0.0,0.0,0.0,0.03477691452808947,0.04351559700543525,0.030406607869091204,0.0,0.0537359673510057,0.0,0.0,0.0,0.0,0.1154984217110942,0.0,0.0,0.0,0.02009623785895017,0.07989456696783001,0.010051340852434488,0.0,0.511320081576731,0.08467180620395655,0.0,0.008989517382846689,0.001353214018386932,0.0,0.00464866725898063
VT3YXB_8,0.006235237599915438,0.0,0.010339718248298553,0.0013063053800012449,0.008852979833132376,0.0,0.010234250563943717,0.03603526722547827,0.0928956560418523,0.028936065311599025,0.0,0.052927959863766,0.018765779403899473,0.00625843591281059,0.0,0.0,0.06558159156876818,0.0,0.002163553038411642,0.00031667192797288254,0.013065430698731248,0.010890957425503084,0.0,0.003732422914853078,0.5092725614868596,0.09148925252885638,0.0,0.000527953596455344,0.01417157385193656,0.00451734959357105,0.011483025983383912
VT3YXB_9,0.007245699222849916,0.0019522114938508668,0.016709882207167195,0.005088307153849724,0.007784037368995581,0.001268216056869871,0.01891924118666403,0.036894950409224324,0.09847447759867793,0.019924774710350476,0.0,0.05330987828162279,0.014778500394943918,0.006836470291193036,0.0,0.0,0.07841309387008844,0.01301780709296116,0.0,0.0,0.015021010105895176,0.018676108262838855,0.015346456140876161,0.018136827461397078,0.41905971582097423,0.07969891965034358,0.0019993893177713434,0.010722658808170037,0.027061236312672564,0.001504288905626106,0.012155841874125757
VT3YXB_10,0.006477073724070327,0.01271832307634212,0.016637643594472715,0.002282551090213089,0.004243842002150715,0.0007943048588608364,0.004775712213423393,0.022450390650509477,0.09396130970273088,0.017640775732828132,0.0,0.03252475355044447,0.00953392609502291,0.00820582215330284,0.0019795721531177092,0.0,0.07927356890344565,0.0,0.0,0.0030983776614761965,0.012495917862349862,0.013260707618507794,0.0,0.0,0.4961038859496912,0.11462820928346246,0.0,0.019600887448246767,0.01968955413541876,0.0023389261389041654,0.005283964401007569
VT3YXB_11,0.0008746778248219037,0.0,0.0029492672511423324,0.001299719962975908,0.0,0.0,0.004475308387240694,0.023762369329974917,0.09481213507071076,0.01797794577032865,0.0,0.03853192924955492,0.01345196333264725,0.0,0.0,0.0,0.049137521844780756,0.0,0.0,0.0,0.012782581400637932,0.14051838231534075,0.0,0.0,0.4913539619337465,0.0734335341368333,0.0,0.025481993955566606,0.004404911059226628,0.0007904744272068016,0.003961322747263332
VT3YXB_12,0.005404845054620336,5.099630858803399e-05,0.012480527341035223,0.0018209659137901186,0.003447893427732603,0.00018438703358869272,0.004556200305795785,0.030837318588678646,0.10248360103780237,0.009249735728486077,0.0,0.042957485779472344,0.014585996095479583,0.002547788901252135,0.0,0.0,0.08518281858879095,0.0,0.001629112862303439,0.0,0.016173989156151265,0.012670500932854024,0.005649799863115436,0.0,0.5125549574269983,0.08315927278823018,0.0032198843795571436,0.014799515701646317,0.022400773440091247,0.001969447103282144,0.009982186240657734
VT3YXB_13,0.0023882736814578006,0.0,0.0,0.0,0.0,0.00040907188005550514,0.0,0.0263271054577117,0.05361639442260661,0.008298457976724776,0.0,0.03349491784863101,0.0,0.0,0.0,0.0,0.22076711154134246,0.0,0.0,0.0,0.005579117298487255,0.022230458600628288,0.0,0.0,0.5261330515075684,0.10069928529835327,0.0,0.0,0.0,0.0,5.675448643279008e-05
VT3YXB_14,0.0,0.0,0.0,0.0,0.0,0.0,0.0,0.036983079883590855,0.034313705920904096,0.013504816533416479,0.0,0.03937537341451908,0.0,0.0,0.0,0.0,0.09472950622791972,0.0,0.0,0.0,0.005334431986297088,0.06945945824849561,0.0002279104319531071,0.0,0.5449973265309325,0.11233238254065502,0.0,0.0,0.04813011920954541,0.0,0.0006118890717711151
VT3YXB_15,0.0,0.0,0.0,0.004395759169242843,0.0,0.0,0.0005778908283228654,0.04285041001778627,0.05201452216591086,0.007694954345195872,0.0,0.055641644345691806,0.0,0.041109870784388595,0.0,0.0,0.14917997997268218,0.0,0.0,0.0,0.024453286201280216,0.033321374832071364,0.006771276094339995,0.0,0.4790162746635262,0.06860290816893158,0.013995597604411294,0.003505562208177587,0.00527826489457174,0.0,0.011590423703468621
VT3YXB_16,0.02005528810641413,0.0,0.0,0.007274623632216191,0.0,0.0,0.002895652915300687,0.026924774621210307,0.06249579014434027,0.05834855867621869,0.0,0.06408282730189178,0.007338793846319451,0.0437253725010456,0.0,0.0,0.09903576730822554,0.0,0.0,0.0,0.014094446939165454,0.01056574516476944,0.0,0.0,0.45577581463455225,0.09314407613585073,0.007753001286468819,0.008199657479558973,0.009123432695732195,0.0,0.009166376610719623
VT3YXB_17,0.0012381178870544596,0.0,0.0,0.0007059257370050147,0.0,0.0,0.0,0.027902547857129124,0.0470651931042268,0.00980289987312589,0.0,0.03233133594800942,0.0,0.005325080388034181,0.0,0.0,0.10694021991962765,0.0,0.0,0.0,0.007623658802716422,0.008666663203514363,0.09156505472647763,0.004866224111726349,0.5222281560729275,0.12284349035058367,0.0,0.0,0.009330059053564207,0.0,0.0015653729642776263
VT3YXB_18,0.0019955031178597155,0.0,0.0182132171444343,0.0036446533579279792,0.0010587892293415092,0.003455957588385339,0.010275239741397227,0.02476593233647335,0.03724816218378105,0.01638124825930058,0.0,0.04470868900049373,0.005835854576883411,0.008209087619958623,0.0,0.0,0.04194441046163303,0.007009780312133068,0.0,0.0,0.018437987659589143,0.02336296225652784,0.005399477450985748,0.022273831116709553,0.2896503268372638,0.21548862433630595,0.0,0.009614222322423574,0.18964348163074518,0.0,0.001382561459446398
