class,gene_id,gene
oligodendrocyte,ENSMUSG00000006651,Aplp1
oligodendrocyte,ENSMUSG00000006782,Cnp
oligodendrocyte,ENSMUSG00000015806,Qdpr
oligodendrocyte,ENSMUSG00000017734,Dbndd2
oligodendrocyte,ENSMUSG00000020331,Hcn2
oligodendrocyte,ENSMUSG00000022472,Desi1
oligodendrocyte,ENSMUSG00000026830,Ermn
oligodendrocyte,ENSMUSG00000026944,Abca2
oligodendrocyte,ENSMUSG00000027858,Tspan2
oligodendrocyte,ENSMUSG00000030994,D7Ertd443e
oligodendrocyte,ENSMUSG00000031425,Plp1
oligodendrocyte,ENSMUSG00000031833,Mast3
oligodendrocyte,ENSMUSG00000032517,Mobp
oligodendrocyte,ENSMUSG00000032554,Trf
oligodendrocyte,ENSMUSG00000032841,Prr5l
oligodendrocyte,ENSMUSG00000032854,Ugt8a
oligodendrocyte,ENSMUSG00000033579,Fa2h
oligodendrocyte,ENSMUSG00000033595,Lgi3
oligodendrocyte,ENSMUSG00000034714,Ttyh2
oligodendrocyte,ENSMUSG00000036098,Myrf
oligodendrocyte,ENSMUSG00000036634,Mag
oligodendrocyte,ENSMUSG00000037625,Cldn11
oligodendrocyte,ENSMUSG00000038173,Enpp6
oligodendrocyte,ENSMUSG00000039904,Gpr37
oligodendrocyte,ENSMUSG00000041205,Map6d1
oligodendrocyte,ENSMUSG00000045625,Pigz
oligodendrocyte,ENSMUSG00000055717,Slain1
oligodendrocyte,ENSMUSG00000060716,Plekhh1
oligodendrocyte,ENSMUSG00000062591,Tubb4a
oligodendrocyte,ENSMUSG00000073680,Tmem88b
oligodendrocyte,ENSMUSG00000076439,Mog
oligodendrocyte,ENSMUSG00000091712,Sec14l5
neutrophil,ENSMUSG00000000204,Slfn4
neutrophil,ENSMUSG00000000982,Ccl3
neutrophil,ENSMUSG00000005800,Mmp8
neutrophil,ENSMUSG00000021069,Pygl
neutrophil,ENSMUSG00000025236,Adpgk
neutrophil,ENSMUSG00000025330,Padi4
neutrophil,ENSMUSG00000026822,Lcn2
neutrophil,ENSMUSG00000026981,Il1rn
neutrophil,ENSMUSG00000028859,Csf3r
neutrophil,ENSMUSG00000030083,Abtb1
neutrophil,ENSMUSG00000030413,Pglyrp1
neutrophil,ENSMUSG00000030474,Siglece
neutrophil,ENSMUSG00000032484,Ngp
neutrophil,ENSMUSG00000032487,Ptgs2
neutrophil,ENSMUSG00000032496,Ltf
neutrophil,ENSMUSG00000038357,Camp
neutrophil,ENSMUSG00000041754,Trem3
neutrophil,ENSMUSG00000047798,Cd300lf
neutrophil,ENSMUSG00000049313,Sorl1
neutrophil,ENSMUSG00000051748,Wfdc21
neutrophil,ENSMUSG00000052212,Cd177
neutrophil,ENSMUSG00000052270,Fpr2
neutrophil,ENSMUSG00000052435,Cebpe
neutrophil,ENSMUSG00000067235,H2-Q10
neutrophil,ENSMUSG00000078763,Slfn1
schwann,ENSMUSG00000000215,Ins2
schwann,ENSMUSG00000015467,Egfl8
schwann,ENSMUSG00000018217,Pmp22
schwann,ENSMUSG00000024366,Gfra3
schwann,ENSMUSG00000034855,Cxcl10
schwann,ENSMUSG00000045871,Slitrk6
schwann,ENSMUSG00000053198,Prx
schwann,ENSMUSG00000056569,Mpz
schwann,ENSMUSG00000057969,Sema3b
schwann,ENSMUSG00000067261,Foxd3
keratinocyte,ENSMUSG00000000983,Wfdc18
keratinocyte,ENSMUSG00000001420,Tmem79
keratinocyte,ENSMUSG00000001552,Jup
keratinocyte,ENSMUSG00000003051,Elf3
keratinocyte,ENSMUSG00000006777,Krt23
keratinocyte,ENSMUSG00000008601,Rab25
keratinocyte,ENSMUSG00000011034,Slc5a1
keratinocyte,ENSMUSG00000015093,Clic3
keratinocyte,ENSMUSG00000019102,Aldh3a1
keratinocyte,ENSMUSG00000019761,Krt10
keratinocyte,ENSMUSG00000019851,Perp
keratinocyte,ENSMUSG00000021118,Plek2
keratinocyte,ENSMUSG00000021950,Anxa8
keratinocyte,ENSMUSG00000024846,Cst6
keratinocyte,ENSMUSG00000025064,Col17a1
keratinocyte,ENSMUSG00000025068,Gsto1
keratinocyte,ENSMUSG00000026638,Irf6
keratinocyte,ENSMUSG00000026989,Dapl1
keratinocyte,ENSMUSG00000027533,Fabp5
keratinocyte,ENSMUSG00000028378,Ptgr1
keratinocyte,ENSMUSG00000028435,Aqp3
keratinocyte,ENSMUSG00000032033,Barx2
keratinocyte,ENSMUSG00000035557,Krt17
keratinocyte,ENSMUSG00000039238,Zfp750
keratinocyte,ENSMUSG00000040714,Klc3
keratinocyte,ENSMUSG00000043165,Loricrin
keratinocyte,ENSMUSG00000043430,Psapl1
keratinocyte,ENSMUSG00000045545,Krt14
keratinocyte,ENSMUSG00000046056,Sbsn
keratinocyte,ENSMUSG00000046834,Krt1
keratinocyte,ENSMUSG00000047281,Sfn
keratinocyte,ENSMUSG00000047501,Cldn4
keratinocyte,ENSMUSG00000054146,Krt15
keratinocyte,ENSMUSG00000054889,Dsp
keratinocyte,ENSMUSG00000055301,Adh7
keratinocyte,ENSMUSG00000060962,Dmkn
keratinocyte,ENSMUSG00000063651,Cnfn
keratinocyte,ENSMUSG00000074199,Krtdap
pericyte,ENSMUSG00000049115,Agtr1a
pericyte,ENSMUSG00000030249,Abcc9
pericyte,ENSMUSG00000002847,Pla1a
pericyte,ENSMUSG00000019906,Lin7a
pericyte,ENSMUSG00000048939,Atp13a5
pericyte,ENSMUSG00000027483,Bpifa1
NK_ILC,ENSMUSG00000023132,Gzma
NK_ILC,ENSMUSG00000025163,Cd7
NK_ILC,ENSMUSG00000026573,Xcl1
NK_ILC,ENSMUSG00000030149,Klrk1
NK_ILC,ENSMUSG00000030165,Klrd1
NK_ILC,ENSMUSG00000030325,Klrb1c
NK_ILC,ENSMUSG00000032446,Eomes
NK_ILC,ENSMUSG00000035042,Ccl5
NK_ILC,ENSMUSG00000050241,Klre1
NK_ILC,ENSMUSG00000075010,AW112010
NK_ILC,ENSMUSG00000079298,Klrb1b
chondrocyte,ENSMUSG00000006014,Prg4
chondrocyte,ENSMUSG00000020089,Ppa1
chondrocyte,ENSMUSG00000020218,Wif1
chondrocyte,ENSMUSG00000021613,Hapln1
chondrocyte,ENSMUSG00000022025,Cnmd
chondrocyte,ENSMUSG00000022483,Col2a1
chondrocyte,ENSMUSG00000026147,Col9a1
chondrocyte,ENSMUSG00000026668,Ucma
chondrocyte,ENSMUSG00000026670,Uap1
chondrocyte,ENSMUSG00000026697,Myoc
chondrocyte,ENSMUSG00000027570,Col9a3
chondrocyte,ENSMUSG00000028626,Col9a2
chondrocyte,ENSMUSG00000030103,Bhlhe40
chondrocyte,ENSMUSG00000030607,Acan
chondrocyte,ENSMUSG00000033544,Angptl1
chondrocyte,ENSMUSG00000034463,Scara3
chondrocyte,ENSMUSG00000037962,Rflna
chondrocyte,ENSMUSG00000039084,Chad
chondrocyte,ENSMUSG00000039646,Vasn
chondrocyte,ENSMUSG00000041193,Pla2g5
chondrocyte,ENSMUSG00000042254,Cilp
chondrocyte,ENSMUSG00000043613,Mmp3
chondrocyte,ENSMUSG00000048368,Omd
chondrocyte,ENSMUSG00000062329,Cytl1
chondrocyte,ENSMUSG00000073700,Klhl21
mast_cell,ENSMUSG00000001865,Cpa3
mast_cell,ENSMUSG00000005339,Fcer1a
mast_cell,ENSMUSG00000005672,Kit
mast_cell,ENSMUSG00000015053,Gata2
mast_cell,ENSMUSG00000020838,Slc6a4
mast_cell,ENSMUSG00000022157,Mcpt8
mast_cell,ENSMUSG00000022225,Cma1
mast_cell,ENSMUSG00000024173,Tpsab1
mast_cell,ENSMUSG00000024511,Rab27b
mast_cell,ENSMUSG00000024680,Ms4a2
mast_cell,ENSMUSG00000024697,Gna14
mast_cell,ENSMUSG00000025094,Slc18a2
mast_cell,ENSMUSG00000026069,Il1rl1
mast_cell,ENSMUSG00000026435,Slc45a3
mast_cell,ENSMUSG00000028457,Atp8b5
mast_cell,ENSMUSG00000032051,Fdx1
mast_cell,ENSMUSG00000032323,Cyp11a1
mast_cell,ENSMUSG00000033200,Tpsg1
mast_cell,ENSMUSG00000033825,Tpsb2
mast_cell,ENSMUSG00000035165,Kcne3
mast_cell,ENSMUSG00000036172,Cd200r3
mast_cell,ENSMUSG00000040046,Tph1
mast_cell,ENSMUSG00000041476,Smpx
mast_cell,ENSMUSG00000050425,Mrgprb2
mast_cell,ENSMUSG00000056399,Prss34
mast_cell,ENSMUSG00000061068,Mcpt4
mast_cell,ENSMUSG00000070547,Mrgprb1
mast_cell,ENSMUSG00000074109,Mrgprx2
endothelial,ENSMUSG00000001930,Vwf
endothelial,ENSMUSG00000006386,Tek
endothelial,ENSMUSG00000020154,Ptprb
endothelial,ENSMUSG00000021263,Degs2
endothelial,ENSMUSG00000023959,Clic5
endothelial,ENSMUSG00000025324,Atp10a
endothelial,ENSMUSG00000025608,Podxl
endothelial,ENSMUSG00000026580,Selp
endothelial,ENSMUSG00000026921,Egfl7
endothelial,ENSMUSG00000029648,Flt1
endothelial,ENSMUSG00000032125,Robo4
endothelial,ENSMUSG00000033191,Tie1
endothelial,ENSMUSG00000034037,Fgd5
endothelial,ENSMUSG00000038264,Sema7a
endothelial,ENSMUSG00000039349,C130074G19Rik
endothelial,ENSMUSG00000040584,Abcb1a
endothelial,ENSMUSG00000041134,Cyyr1
endothelial,ENSMUSG00000041378,Cldn5
endothelial,ENSMUSG00000042099,Kank3
endothelial,ENSMUSG00000042379,Esm1
endothelial,ENSMUSG00000044562,Rasip1
endothelial,ENSMUSG00000046280,She
endothelial,ENSMUSG00000046470,Sox18
endothelial,ENSMUSG00000048489,Depp1
endothelial,ENSMUSG00000050105,Fam110d
endothelial,ENSMUSG00000054641,Mmrn1
endothelial,ENSMUSG00000062960,Kdr
endothelial,ENSMUSG00000079018,Ly6c1
endothelial,ENSMUSG00000094686,Ccl21a
neuron,ENSMUSG00000010803,Gabra1
neuron,ENSMUSG00000019828,Grm1
neuron,ENSMUSG00000020436,Gabrg2
neuron,ENSMUSG00000024268,Celf4
neuron,ENSMUSG00000024403,Atp6v1g2
neuron,ENSMUSG00000026959,Grin1
neuron,ENSMUSG00000027273,Snap25
neuron,ENSMUSG00000028785,Hpca
neuron,ENSMUSG00000029088,Kcnip4
neuron,ENSMUSG00000030209,Grin2b
neuron,ENSMUSG00000032936,Camkv
neuron,ENSMUSG00000033316,Galnt9
neuron,ENSMUSG00000036800,Fam135b
neuron,ENSMUSG00000038255,Neurod2
neuron,ENSMUSG00000040452,Cdh12
neuron,ENSMUSG00000040907,Atp1a3
neuron,ENSMUSG00000044288,Cnr1
neuron,ENSMUSG00000046093,Hpcal4
neuron,ENSMUSG00000054459,Vsnl1
neuron,ENSMUSG00000059003,Grin2a
neuron,ENSMUSG00000066189,Cacng3
neuron,ENSMUSG00000070570,Slc17a7
neuron,ENSMUSG00000078307,AI593442
neuron,ENSMUSG00000078816,Prkcg
neuron,ENSMUSG00000090061,Nwd2
OPC,ENSMUSG00000001036,Epn2
OPC,ENSMUSG00000015829,Tnr
OPC,ENSMUSG00000020723,Cacng4
OPC,ENSMUSG00000024084,Qpct
OPC,ENSMUSG00000029231,Pdgfra
OPC,ENSMUSG00000029878,Dbpht2
OPC,ENSMUSG00000032172,Olfm2
OPC,ENSMUSG00000036466,Megf11
OPC,ENSMUSG00000038457,Tmem255b
OPC,ENSMUSG00000039830,Olig2
OPC,ENSMUSG00000045532,C1ql1
OPC,ENSMUSG00000046178,Nxph1
OPC,ENSMUSG00000049036,Tmem121
OPC,ENSMUSG00000050587,Lrrc4c
OPC,ENSMUSG00000052613,Pcdh15
OPC,ENSMUSG00000053519,Kcnip1
OPC,ENSMUSG00000079056,Kcnip3
OPC,ENSMUSG00000106379,Lhfpl3
astrocyte,ENSMUSG00000002475,Abhd3
astrocyte,ENSMUSG00000005089,Slc1a2
astrocyte,ENSMUSG00000006522,Itih3
astrocyte,ENSMUSG00000017390,Aldoc
astrocyte,ENSMUSG00000019232,Etnppl
astrocyte,ENSMUSG00000020591,Ntsr2
astrocyte,ENSMUSG00000020734,Grin2c
astrocyte,ENSMUSG00000020932,Gfap
astrocyte,ENSMUSG00000021750,Fam107a
astrocyte,ENSMUSG00000022132,Cldn10
astrocyte,ENSMUSG00000024227,Pdzph1
astrocyte,ENSMUSG00000029212,Gabrb1
astrocyte,ENSMUSG00000030307,Slc6a11
astrocyte,ENSMUSG00000031980,Agt
astrocyte,ENSMUSG00000032181,Scg3
astrocyte,ENSMUSG00000032281,Acsbg1
astrocyte,ENSMUSG00000032883,Acsl3
astrocyte,ENSMUSG00000034853,Acot11
astrocyte,ENSMUSG00000035237,Lcat
astrocyte,ENSMUSG00000036192,Rorb
astrocyte,ENSMUSG00000037161,Mgarp
astrocyte,ENSMUSG00000045608,Dbx2
astrocyte,ENSMUSG00000067279,Ppp1r3c
astrocyte,ENSMUSG00000073424,Cyp4f15
astrocyte,ENSMUSG00000097520,4930488L21Rik
microglia,ENSMUSG00000007891,Ctsd
microglia,ENSMUSG00000015852,Fcrl2
microglia,ENSMUSG00000020399,Havcr2
microglia,ENSMUSG00000021190,Lgmn
microglia,ENSMUSG00000021384,Susd3
microglia,ENSMUSG00000021556,Golm1
microglia,ENSMUSG00000021665,Hexb
microglia,ENSMUSG00000021876,Rnase4
microglia,ENSMUSG00000022817,Itgb5
microglia,ENSMUSG00000023992,Trem2
microglia,ENSMUSG00000024349,Sting1
microglia,ENSMUSG00000026627,Pacc1
microglia,ENSMUSG00000031665,Sall1
microglia,ENSMUSG00000032066,Bco2
microglia,ENSMUSG00000033446,Lpar6
microglia,ENSMUSG00000036353,P2ry12
microglia,ENSMUSG00000036362,P2ry13
microglia,ENSMUSG00000038642,Ctss
microglia,ENSMUSG00000040229,Gpr34
microglia,ENSMUSG00000047250,Ptgs1
microglia,ENSMUSG00000051504,Siglech
microglia,ENSMUSG00000052336,Cx3cr1
microglia,ENSMUSG00000054626,Xlr
microglia,ENSMUSG00000079110,Capn3
microglia,ENSMUSG00000079484,Phyhd1
plasma_cell,ENSMUSG00000002014,Ssr4
plasma_cell,ENSMUSG00000009092,Derl3
plasma_cell,ENSMUSG00000017002,Slpi
plasma_cell,ENSMUSG00000019188,H13
plasma_cell,ENSMUSG00000020484,Xbp1
plasma_cell,ENSMUSG00000020581,Agr2
plasma_cell,ENSMUSG00000021610,Clptm1l
plasma_cell,ENSMUSG00000022496,Tnfrsf17
plasma_cell,ENSMUSG00000022769,Sdf2l1
plasma_cell,ENSMUSG00000022838,Eaf2
plasma_cell,ENSMUSG00000023272,Creld2
plasma_cell,ENSMUSG00000024353,Mzb1
plasma_cell,ENSMUSG00000024516,Sec11c
plasma_cell,ENSMUSG00000025823,Pdia4
plasma_cell,ENSMUSG00000027073,Prg2
plasma_cell,ENSMUSG00000031770,Herpud1
plasma_cell,ENSMUSG00000032026,Rexo2
plasma_cell,ENSMUSG00000038312,Edem2
plasma_cell,ENSMUSG00000038801,Scgb1c1
plasma_cell,ENSMUSG00000038991,Txndc5
plasma_cell,ENSMUSG00000044678,Ly6k
plasma_cell,ENSMUSG00000051998,Lax1
plasma_cell,ENSMUSG00000066363,Serpina3f
plasma_cell,ENSMUSG00000067149,Jchain
plasma_cell,ENSMUSG00000104835,Gm5547
monocyte,ENSMUSG00000023078,Cxcl13
monocyte,ENSMUSG00000044206,Vsig4
monocyte,ENSMUSG00000032915,Adgre4
monocyte,ENSMUSG00000095609,Anxa2r1
monocyte,ENSMUSG00000069515,Lyz1
monocyte,ENSMUSG00000078783,Sirpd
dendritic_cell,ENSMUSG00000002983,Relb
dendritic_cell,ENSMUSG00000003352,Cacnb3
dendritic_cell,ENSMUSG00000028100,Nudt17
dendritic_cell,ENSMUSG00000031780,Ccl17
dendritic_cell,ENSMUSG00000037944,Ccr7
dendritic_cell,ENSMUSG00000040829,Zmynd15
dendritic_cell,ENSMUSG00000042817,Flt3
dendritic_cell,ENSMUSG00000048277,Syngr2
dendritic_cell,ENSMUSG00000050912,Tmem123
dendritic_cell,ENSMUSG00000074141,Il4i1
dendritic_cell,ENSMUSG00000099974,Bcl2a1d
dendritic_cell,ENSMUSG00000102037,Bcl2a1a
macrophage,ENSMUSG00000009185,Ccl8
macrophage,ENSMUSG00000024672,Ms4a7
macrophage,ENSMUSG00000008845,Cd163
macrophage,ENSMUSG00000021322,Aoah
macrophage,ENSMUSG00000026712,Mrc1
macrophage,ENSMUSG00000039191,Rbpj
macrophage,ENSMUSG00000078772,Gm12353
smooth_muscle,ENSMUSG00000001349,Cnn1
smooth_muscle,ENSMUSG00000001520,Nrip2
smooth_muscle,ENSMUSG00000018830,Myh11
smooth_muscle,ENSMUSG00000028464,Tpm2
smooth_muscle,ENSMUSG00000029675,Eln
smooth_muscle,ENSMUSG00000031636,Pdlim3
smooth_muscle,ENSMUSG00000032085,Tagln
smooth_muscle,ENSMUSG00000035783,Acta2
smooth_muscle,ENSMUSG00000042485,Mustn1
smooth_muscle,ENSMUSG00000048096,Lmod1
smooth_muscle,ENSMUSG00000049892,Rasd1
smooth_muscle,ENSMUSG00000050503,Fbxl22
smooth_muscle,ENSMUSG00000059430,Actg2
T_cell,ENSMUSG00000053044,Cd8b1
T_cell,ENSMUSG00000053977,Cd8a
T_cell,ENSMUSG00000049109,Themis
T_cell,ENSMUSG00000024669,Cd5
T_cell,ENSMUSG00000023274,Cd4
T_cell,ENSMUSG00000042351,Grap2
B_cell,ENSMUSG00000000903,Vpreb3
B_cell,ENSMUSG00000008193,Spib
B_cell,ENSMUSG00000014030,Pax5
B_cell,ENSMUSG00000024673,Ms4a1
B_cell,ENSMUSG00000026616,Cr2
B_cell,ENSMUSG00000030468,Siglecg
B_cell,ENSMUSG00000030577,Cd22
B_cell,ENSMUSG00000030724,Cd19
B_cell,ENSMUSG00000041538,H2-Ob
B_cell,ENSMUSG00000042474,Fcmr
B_cell,ENSMUSG00000075370,Igll1
ependymal,ENSMUSG00000010136,Cimap3
ependymal,ENSMUSG00000011154,Cfap161
ependymal,ENSMUSG00000020895,Tmem107
ependymal,ENSMUSG00000022972,Cfap298
ependymal,ENSMUSG00000024033,Rsph1
ependymal,ENSMUSG00000024552,Slc14a2
ependymal,ENSMUSG00000025350,Rdh5
ependymal,ENSMUSG00000026649,Cfap126
ependymal,ENSMUSG00000026650,Meig1
ependymal,ENSMUSG00000026831,Pierce1
ependymal,ENSMUSG00000026894,Morn5
ependymal,ENSMUSG00000027329,Spef1
ependymal,ENSMUSG00000028139,Riiad1
ependymal,ENSMUSG00000028441,Spmip6
ependymal,ENSMUSG00000031927,1700012B09Rik
ependymal,ENSMUSG00000034467,Dynlrb2
ependymal,ENSMUSG00000037716,Ccdc33
ependymal,ENSMUSG00000038982,Bloc1s5
ependymal,ENSMUSG00000041660,Bbox1
ependymal,ENSMUSG00000042707,Dnali1
ependymal,ENSMUSG00000044475,Ascc1
ependymal,ENSMUSG00000053783,Liat1
ependymal,ENSMUSG00000070306,Ccdc153
ependymal,ENSMUSG00000071398,2410004P03Rik
ependymal,ENSMUSG00000075273,Ift70b
ependymal,ENSMUSG00000091351,Gm17135
ependymal,ENSMUSG00000108841,Frmpd2
ependymal,ENSMUSG00000110332,Gm19935
ependymal,ENSMUSG00000112121,C230072F16Rik
ependymal,ENSMUSG00000118506,Cfap141
erythrocyte,ENSMUSG00000004552,Ctse
erythrocyte,ENSMUSG00000006574,Slc4a1
erythrocyte,ENSMUSG00000008843,Cldn13
erythrocyte,ENSMUSG00000021102,Glrx5
erythrocyte,ENSMUSG00000023926,Rhag
erythrocyte,ENSMUSG00000023995,Tspo2
erythrocyte,ENSMUSG00000024588,Fech
erythrocyte,ENSMUSG00000027078,Ube2l6
erythrocyte,ENSMUSG00000027556,Car1
erythrocyte,ENSMUSG00000028332,Hemgn
erythrocyte,ENSMUSG00000028644,Ermap
erythrocyte,ENSMUSG00000028825,Rhd
erythrocyte,ENSMUSG00000032126,Hmbs
erythrocyte,ENSMUSG00000038871,Bpgm
erythrocyte,ENSMUSG00000051839,Gypa
erythrocyte,ENSMUSG00000052305,Hbb-bs
erythrocyte,ENSMUSG00000054191,Klf1
erythrocyte,ENSMUSG00000069917,Hba-a2
erythrocyte,ENSMUSG00000069919,Hba-a1
erythrocyte,ENSMUSG00000073940,Hbb-bt
adipocyte,ENSMUSG00000000440,Pparg
adipocyte,ENSMUSG00000001918,Slc1a5
adipocyte,ENSMUSG00000002831,Plin4
adipocyte,ENSMUSG00000002997,Prkar2b
adipocyte,ENSMUSG00000003123,Lipe
adipocyte,ENSMUSG00000007122,Casq1
adipocyte,ENSMUSG00000007877,Tcap
adipocyte,ENSMUSG00000018796,Acsl1
adipocyte,ENSMUSG00000019768,Esr1
adipocyte,ENSMUSG00000019787,Trdn
adipocyte,ENSMUSG00000020057,Dram1
adipocyte,ENSMUSG00000020085,Aifm2
adipocyte,ENSMUSG00000020777,Acox1
adipocyte,ENSMUSG00000021622,Ckmt2
adipocyte,ENSMUSG00000022878,Adipoq
adipocyte,ENSMUSG00000024892,Pcx
adipocyte,ENSMUSG00000025271,Pfkfb1
adipocyte,ENSMUSG00000025479,Cyp2e1
adipocyte,ENSMUSG00000026834,Acvr1c
adipocyte,ENSMUSG00000027513,Pck1
adipocyte,ENSMUSG00000027559,Car3
adipocyte,ENSMUSG00000028076,Cd1d1
adipocyte,ENSMUSG00000029314,Gpat3
adipocyte,ENSMUSG00000030399,Ckm
adipocyte,ENSMUSG00000030730,Atp2a1
adipocyte,ENSMUSG00000030747,Dgat2
adipocyte,ENSMUSG00000030996,Art1
adipocyte,ENSMUSG00000031373,Car5b
adipocyte,ENSMUSG00000032263,Bckdhb
adipocyte,ENSMUSG00000032311,Nrg4
adipocyte,ENSMUSG00000033576,Apol6
adipocyte,ENSMUSG00000036611,Eepd1
adipocyte,ENSMUSG00000037709,Fam13a
adipocyte,ENSMUSG00000038344,Txlng
adipocyte,ENSMUSG00000039886,Tmem120a
adipocyte,ENSMUSG00000040016,Ptger3
adipocyte,ENSMUSG00000041653,Pnpla3
adipocyte,ENSMUSG00000042010,Acacb
adipocyte,ENSMUSG00000044405,Adig
adipocyte,ENSMUSG00000044951,Mylk4
adipocyte,ENSMUSG00000046532,Ar
adipocyte,ENSMUSG00000050663,Trhde
adipocyte,ENSMUSG00000054434,Tmem120b
adipocyte,ENSMUSG00000055737,Ghr
adipocyte,ENSMUSG00000057003,Myh4
adipocyte,ENSMUSG00000061462,Obscn
adipocyte,ENSMUSG00000061723,Tnnt3
adipocyte,ENSMUSG00000061816,Myl1
adipocyte,ENSMUSG00000074771,Ankef1
adipocyte,ENSMUSG00000097124,A530020G20Rik
skeletal_muscle,ENSMUSG00000008450,Nutf2
skeletal_muscle,ENSMUSG00000011179,Odc1
skeletal_muscle,ENSMUSG00000015217,Hmgb3
skeletal_muscle,ENSMUSG00000025930,Msc
skeletal_muscle,ENSMUSG00000026459,Myog
skeletal_muscle,ENSMUSG00000027074,Slc43a3
skeletal_muscle,ENSMUSG00000031519,Asb5
skeletal_muscle,ENSMUSG00000031762,Mt2
skeletal_muscle,ENSMUSG00000031962,Cdh15
skeletal_muscle,ENSMUSG00000034936,Arl4d
skeletal_muscle,ENSMUSG00000046711,Hmga1
skeletal_muscle,ENSMUSG00000064179,Tnnt1
skeletal_muscle,ENSMUSG00000092035,Peg10
FIB_dura,ENSMUSG00000000753,Serpinf1
FIB_dura,ENSMUSG00000004473,Clec11a
FIB_dura,ENSMUSG00000006369,Fbln1
FIB_dura,ENSMUSG00000017493,Igfbp4
FIB_dura,ENSMUSG00000021390,Ogn
FIB_dura,ENSMUSG00000021943,Gdf10
FIB_dura,ENSMUSG00000023885,Thbs2
FIB_dura,ENSMUSG00000024134,Six2
FIB_dura,ENSMUSG00000026185,Igfbp5
FIB_dura,ENSMUSG00000027015,Cybrd1
FIB_dura,ENSMUSG00000027408,Cpxm1
FIB_dura,ENSMUSG00000029372,Ppbp
FIB_dura,ENSMUSG00000030862,Cpxm2
FIB_dura,ENSMUSG00000031250,Tnmd
FIB_dura,ENSMUSG00000032334,Loxl1
FIB_dura,ENSMUSG00000036596,Cpz
FIB_dura,ENSMUSG00000040164,Kcns1
FIB_dura,ENSMUSG00000042436,Mfap4
FIB_dura,ENSMUSG00000050010,Shisa3
FIB_dura,ENSMUSG00000060703,Cd302
FIB_dura,ENSMUSG00000073889,Il11ra1
FIB_dura,ENSMUSG00000074486,Bglap2
osteoblast,ENSMUSG00000000392,Fap
osteoblast,ENSMUSG00000001506,Col1a1
osteoblast,ENSMUSG00000005124,Ccn4
osteoblast,ENSMUSG00000011118,Panx3
osteoblast,ENSMUSG00000020805,Slc13a5
osteoblast,ENSMUSG00000022098,Bmp1
osteoblast,ENSMUSG00000025489,Ifitm5
osteoblast,ENSMUSG00000026042,Col5a2
osteoblast,ENSMUSG00000026725,Tnn
osteoblast,ENSMUSG00000026837,Col5a1
osteoblast,ENSMUSG00000028197,Col24a1
osteoblast,ENSMUSG00000028364,Tnc
osteoblast,ENSMUSG00000029161,Cgref1
osteoblast,ENSMUSG00000029306,Ibsp
osteoblast,ENSMUSG00000029307,Dmp1
osteoblast,ENSMUSG00000031906,Smpd3
osteoblast,ENSMUSG00000032492,Pth1r
osteoblast,ENSMUSG00000038331,Satb2
osteoblast,ENSMUSG00000039153,Runx2
osteoblast,ENSMUSG00000044017,Adgrd1
osteoblast,ENSMUSG00000050931,Sgms2
osteoblast,ENSMUSG00000057457,Phex
osteoblast,ENSMUSG00000060284,Sp7
osteoblast,ENSMUSG00000079022,Col22a1
osteoblast,ENSMUSG00000079055,Slc8a3
olfactory_epithelial,ENSMUSG00000004668,Abca13
olfactory_epithelial,ENSMUSG00000010461,Eya4
olfactory_epithelial,ENSMUSG00000020140,Lgr5
olfactory_epithelial,ENSMUSG00000020160,Meis1
olfactory_epithelial,ENSMUSG00000025932,Eya1
olfactory_epithelial,ENSMUSG00000027210,Meis2
olfactory_epithelial,ENSMUSG00000027478,Dnmt3b
olfactory_epithelial,ENSMUSG00000027684,Mecom
olfactory_epithelial,ENSMUSG00000028019,Pdgfc
olfactory_epithelial,ENSMUSG00000028521,Slc35d1
olfactory_epithelial,ENSMUSG00000029268,Ugt2a2
olfactory_epithelial,ENSMUSG00000035498,Cdcp1
olfactory_epithelial,ENSMUSG00000040717,Il17rd
olfactory_epithelial,ENSMUSG00000041238,Rbbp8
olfactory_epithelial,ENSMUSG00000041658,Rragb
olfactory_epithelial,ENSMUSG00000043003,Rasef
olfactory_epithelial,ENSMUSG00000050199,Lgr4
olfactory_epithelial,ENSMUSG00000052407,Ccdc171
olfactory_epithelial,ENSMUSG00000079554,Aox2
olfactory_epithelial,ENSMUSG00000089726,Mir17hg
choroid_plexus_epithelial,ENSMUSG00000001120,Pcbp3
choroid_plexus_epithelial,ENSMUSG00000016918,Sulf1
choroid_plexus_epithelial,ENSMUSG00000019892,Lrriq1
choroid_plexus_epithelial,ENSMUSG00000019894,Slc6a15
choroid_plexus_epithelial,ENSMUSG00000026686,Lmx1a
choroid_plexus_epithelial,ENSMUSG00000028125,Abca4
choroid_plexus_epithelial,ENSMUSG00000029026,Trp73
choroid_plexus_epithelial,ENSMUSG00000030450,Oca2
choroid_plexus_epithelial,ENSMUSG00000031709,Tbc1d9
choroid_plexus_epithelial,ENSMUSG00000032373,Car12
choroid_plexus_epithelial,ENSMUSG00000033965,Slc16a2
choroid_plexus_epithelial,ENSMUSG00000039410,Prdm16
choroid_plexus_epithelial,ENSMUSG00000039672,Kcne2
choroid_plexus_epithelial,ENSMUSG00000041380,Htr2c
choroid_plexus_epithelial,ENSMUSG00000044177,Wfikkn2
choroid_plexus_epithelial,ENSMUSG00000050822,Slc29a4
choroid_plexus_epithelial,ENSMUSG00000051920,Rspo2
choroid_plexus_epithelial,ENSMUSG00000059049,Frem1
choroid_plexus_epithelial,ENSMUSG00000063663,Brwd3
choroid_plexus_epithelial,ENSMUSG00000068323,Slc4a5
choroid_plexus_epithelial,ENSMUSG00000068428,Gmnc
choroid_plexus_epithelial,ENSMUSG00000069170,Adgrv1
choroid_plexus_epithelial,ENSMUSG00000085945,2310014F06Rik
choroid_plexus_epithelial,ENSMUSG00000089774,Slc5a3
choroid_plexus_epithelial,ENSMUSG00000100341,Gm29478
osteoclast,ENSMUSG00000001348,Acp5
osteoclast,ENSMUSG00000001750,Tcirg1
osteoclast,ENSMUSG00000010051,Hyal1
osteoclast,ENSMUSG00000020689,Itgb3
osteoclast,ENSMUSG00000021306,Gpr137b
osteoclast,ENSMUSG00000021608,Lpcat1
osteoclast,ENSMUSG00000022303,Dcstamp
osteoclast,ENSMUSG00000023964,Calcr
osteoclast,ENSMUSG00000026321,Tnfrsf11a
osteoclast,ENSMUSG00000026469,Xpr1
osteoclast,ENSMUSG00000027087,Itgav
osteoclast,ENSMUSG00000027670,Ocstamp
osteoclast,ENSMUSG00000028111,Ctsk
osteoclast,ENSMUSG00000028238,Atp6v0d2
osteoclast,ENSMUSG00000029338,Antxr2
osteoclast,ENSMUSG00000032122,Slc37a2
osteoclast,ENSMUSG00000032220,Myo1e
osteoclast,ENSMUSG00000032584,Mst1r
osteoclast,ENSMUSG00000033016,Nfatc1
osteoclast,ENSMUSG00000033871,Ppargc1b
osteoclast,ENSMUSG00000034271,Jdp2
osteoclast,ENSMUSG00000034854,Mfsd12
osteoclast,ENSMUSG00000035311,Gnptab
osteoclast,ENSMUSG00000035441,Myo1d
osteoclast,ENSMUSG00000036330,Slc18a1
osteoclast,ENSMUSG00000037994,Slc9b2
osteoclast,ENSMUSG00000042476,Abcb4
osteoclast,ENSMUSG00000044134,Pheta1
osteoclast,ENSMUSG00000045594,Glb1
osteoclast,ENSMUSG00000054594,Oscar
osteoclast,ENSMUSG00000061815,Rufy4
osteoclast,ENSMUSG00000079334,Naa80
olfactory_ensheathing,ENSMUSG00000015305,Sash1
olfactory_ensheathing,ENSMUSG00000016128,Stard13
olfactory_ensheathing,ENSMUSG00000020061,Mybpc1
olfactory_ensheathing,ENSMUSG00000021990,Spata13
olfactory_ensheathing,ENSMUSG00000022454,Nell2
olfactory_ensheathing,ENSMUSG00000022935,Grik1
olfactory_ensheathing,ENSMUSG00000025083,Afap1l2
olfactory_ensheathing,ENSMUSG00000027004,Frzb
olfactory_ensheathing,ENSMUSG00000028434,Epb41l4b
olfactory_ensheathing,ENSMUSG00000028524,Sgip1
olfactory_ensheathing,ENSMUSG00000030029,Lrig1
olfactory_ensheathing,ENSMUSG00000030075,Cntn3
olfactory_ensheathing,ENSMUSG00000030970,Ctbp2
olfactory_ensheathing,ENSMUSG00000039579,Grin3a
olfactory_ensheathing,ENSMUSG00000041180,Hectd2
olfactory_ensheathing,ENSMUSG00000042453,Reln
olfactory_ensheathing,ENSMUSG00000050447,Lypd6
olfactory_ensheathing,ENSMUSG00000053141,Ptprt
olfactory_ensheathing,ENSMUSG00000060548,Tnfrsf19
olfactory_ensheathing,ENSMUSG00000063430,Wscd2
olfactory_ensheathing,ENSMUSG00000075324,Fign
olfactory_ensheathing,ENSMUSG00000100005,B130024G19Rik
olfactory_ensheathing,ENSMUSG00000100807,Gm29521
olfactory_ensheathing,ENSMUSG00000104969,Gm43445
olfactory_ensheathing,ENSMUSG00000109097,Gm29683
olfactory_receptor_neuron,ENSMUSG00000004347,Pde1c
olfactory_receptor_neuron,ENSMUSG00000009628,Tex15
olfactory_receptor_neuron,ENSMUSG00000010476,Ebf3
olfactory_receptor_neuron,ENSMUSG00000016942,Tmprss6
olfactory_receptor_neuron,ENSMUSG00000022053,Ebf2
olfactory_receptor_neuron,ENSMUSG00000022211,Carmil3
olfactory_receptor_neuron,ENSMUSG00000024064,Galnt14
olfactory_receptor_neuron,ENSMUSG00000024186,Rgs11
olfactory_receptor_neuron,ENSMUSG00000028546,Elavl4
olfactory_receptor_neuron,ENSMUSG00000029697,Fezf1
olfactory_receptor_neuron,ENSMUSG00000030518,Entrep2
olfactory_receptor_neuron,ENSMUSG00000031026,Trim66
olfactory_receptor_neuron,ENSMUSG00000032452,Clstn2
olfactory_receptor_neuron,ENSMUSG00000034040,Galnt17
olfactory_receptor_neuron,ENSMUSG00000034098,Fstl5
olfactory_receptor_neuron,ENSMUSG00000034701,Neurod1
olfactory_receptor_neuron,ENSMUSG00000037138,Aff3
olfactory_receptor_neuron,ENSMUSG00000037610,Kcnmb2
olfactory_receptor_neuron,ENSMUSG00000038115,Ano2
olfactory_receptor_neuron,ENSMUSG00000038539,Atf5
olfactory_receptor_neuron,ENSMUSG00000038807,Rap1gap2
olfactory_receptor_neuron,ENSMUSG00000041062,Mslnl
olfactory_receptor_neuron,ENSMUSG00000042581,Thsd7b
olfactory_receptor_neuron,ENSMUSG00000044681,Cnpy1
olfactory_receptor_neuron,ENSMUSG00000047787,Flrt1
olfactory_receptor_neuron,ENSMUSG00000051111,Sv2c
olfactory_receptor_neuron,ENSMUSG00000053552,Ebf4
olfactory_receptor_neuron,ENSMUSG00000056222,Spock1
olfactory_receptor_neuron,ENSMUSG00000056476,Med12l
olfactory_receptor_neuron,ENSMUSG00000056880,Gadl1
olfactory_receptor_neuron,ENSMUSG00000060131,Atp8b4
olfactory_receptor_neuron,ENSMUSG00000061578,Ksr2
olfactory_receptor_neuron,ENSMUSG00000061911,Myt1l
olfactory_receptor_neuron,ENSMUSG00000064293,Cntn4
olfactory_receptor_neuron,ENSMUSG00000075316,Scn9a
olfactory_receptor_neuron,ENSMUSG00000086549,Gm13648
olfactory_receptor_neuron,ENSMUSG00000091996,Smim35
olfactory_receptor_neuron,ENSMUSG00000095276,Gfy
olfactory_receptor_neuron,ENSMUSG00000097311,Gm26871
olfactory_receptor_neuron,ENSMUSG00000104252,Pcdha4
olfactory_receptor_neuron,ENSMUSG00000105704,Gm43055
