,markers_trimmed
VT3YXB_1,1700012B09Rik;2310014F06Rik;Abtb1;Atp6v0d2;Ccdc153;Ccdc171;Ccl17;Ccl5;Ccl8;Ccn4;Cd19;Col2a1;Cpxm1;Cpz;Creld2;Ctse;Degs2;Derl3;Dmp1;Dnmt3b;Eaf2;Edem2;Elavl4;Eya1;Eya4;Fam135b;Fcmr;Foxd3;Gabrb1;Gm26871;Gm43055;Gm5547;Grik1;Grin2a;Gypa;H13;H2-Ob;Hba-a1;Hba-a2;Hbb-bs;Hbb-bt;Herpud1;Il17rd;Jchain;Kcnip4;Kit;Lax1;Lgr5;Lipe;Lrrc4c;Ly6k;Lyz1;Mecom;Meis1;Meis2;Mgarp;Mir17hg;Mpz;Ms4a1;Msc;Mzb1;Ntsr2;Nxph1;Pcdh15;Pdgfc;Pdia4;Pglyrp1;Prdm16;Prg2;Psapl1;Rasef;Rasip1;Rexo2;Rragb;Scgb1c1;Sdf2l1;Sec11c;Serpina3f;Sfn;Siglece;Siglecg;Slpi;Snap25;Ssr4;Tex15;Thsd7b;Tnfrsf17;Tnnt3;Tph1;Txndc5;Xbp1
VT3YXB_2,Bglap2;Ccdc153;Ccl3;Cntn4;Col24a1;Col2a1;Cpxm1;Cyp11a1;Derl3;Gabrb1;Gm12353;Grin2b;Ins2;Jchain;Kcnip4;Krt14;Krt17;Lrrc4c;Mcpt4;Mcpt8;Mecom;Meis2;Mgarp;Mzb1;Ntsr2;Panx3;Sall1;Slpi;Smpd3;Thsd7b;Tph1;Tpsab1;Ugt2a2
VT3YXB_3,Arl4d;Bglap2;Ccdc153;Ccdc171;Ccl3;Col24a1;Col2a1;Cpxm1;Creld2;Cyp11a1;Degs2;Derl3;Eaf2;Edem2;Elavl4;Eya4;Gabrb1;Gm43055;Gm5547;Grin2a;Herpud1;Ins2;Itih3;Jchain;Kcne2;Kcnip4;Lax1;Lrrc4c;Ly6k;Lyz1;Mcpt4;Mecom;Meis1;Meis2;Mgarp;Mzb1;Ntsr2;Nxph1;Pdgfc;Ptprt;Rragb;Satb2;Scgb1c1;Sdf2l1;Serpina3f;Sfn;Slpi;Smpd3;Tex15;Thsd7b;Tnfrsf17;Tnnt3;Tph1;Tpsab1;Txndc5
VT3YXB_4,Acvr1c;Ankef1;Apol6;Bglap2;Bpifa1;Ccdc153;Ccdc171;Ccl3;Cldn5;Cma1;Col24a1;Col2a1;Cpxm1;Cyp11a1;Cyp2e1;Derl3;Gabrb1;Ghr;Ins2;Kcne2;Kcnip4;Kcns1;Krt14;Krt17;Krtdap;Lipe;Lrrc4c;Lyz1;Mcpt4;Mcpt8;Mecom;Meis1;Meis2;Mgarp;Mzb1;Nrg4;Ntsr2;Panx3;Pck1;Peg10;Plin4;Pnpla3;Pparg;Sall1;Sfn;Slpi;Smpd3;Thsd7b;Tmem120b;Tnnt3;Tph1;Tpsab1;Tpsb2;Ugt2a2
VT3YXB_5,Ccdc153;Ccl3;Ccr7;Cldn5;Cnpy1;Col24a1;Cpxm1;Csf3r;Cx3cr1;Cyp11a1;Cyp2e1;Dmp1;Gabrb1;Gm12353;Gm29478;Ins2;Kcnip4;Kcns1;Lipe;Lrrc4c;Lrriq1;Lyz1;Mag;Mcpt4;Mgarp;Ntsr2;Panx3;Pck1;Pnpla3;Prg2;Smpd3;Tnnt3;Tph1;Tpsab1
VT3YXB_6,Ano2;Bglap2;Ccdc153;Ccl3;Cldn13;Cldn5;Cnpy1;Cntn4;Col24a1;Col2a1;Cpxm1;Cpz;Cyp11a1;Gabrb1;Gypa;Hemgn;Ins2;Kcne2;Kcnip4;Kcns1;Klf1;Lrrc4c;Lyz1;Mcpt4;Mecom;Mgarp;Ntsr2;Panx3;Pglyrp1;Ppargc1b;Prg2;Rhd;Sall1;Satb2;Slc4a1;Smpd3;Tph1;Tpsab1
VT3YXB_7,Ano2;Bglap2;Ccdc153;Ccdc171;Ccl3;Ccr7;Cldn13;Cntn4;Col24a1;Col2a1;Cpxm1;Cyp11a1;Cyp2e1;Gabrb1;Gm12353;Gm29478;Jchain;Kcne2;Kcnip4;Lrrc4c;Lrriq1;Lyz1;Mcpt4;Mecom;Mgarp;Ntsr2;Panx3;Pcdh15;Pck1;Pnpla3;Prg2;Rhd;Sall1;Satb2;Smpd3;Thsd7b;Tnnt3;Tph1;Tpsab1;Tpsb2;Ugt2a2
VT3YXB_8,Ccdc153;Ccl3;Cma1;Cnpy1;Cntn4;Col24a1;Col2a1;Cyp11a1;Depp1;Frmpd2;Gabrb1;Grik1;Hapln1;Ins2;Itih3;Kcnip4;Lrrc4c;Lrriq1;Lyz1;Mcpt4;Mcpt8;Mgarp;Mzb1;Ntsr2;Nxph1;Panx3;Pglyrp1;Ptprt;Sall1;Slpi;Smpd3;Thsd7b;Tph1;Tpsab1;Ucma;Ugt2a2
VT3YXB_9,Adipoq;Atp13a5;Ccdc153;Ccl3;Cldn5;Cma1;Cnpy1;Cntn4;Col24a1;Col2a1;Col9a1;Cyp11a1;Cyp2e1;Gabrb1;Gm12353;Gm29478;Gmnc;Grin2b;Ifitm5;Ins2;Kcnip4;Krt14;Krt17;Krtdap;Lrrc4c;Lrriq1;Lyz1;Mcpt4;Mecom;Mgarp;Mog;Mzb1;Ntsr2;Nxph1;Panx3;Pck1;Pnpla3;Pparg;Ptprt;Sall1;Sfn;Slc1a2;Slpi;Smpd3;Sorl1;Tex15;Thsd7b;Tph1;Tpsab1;Wif1
VT3YXB_10,Ccdc153;Ccl3;Cldn5;Cma1;Cnpy1;Cntn4;Col24a1;Col2a1;Csf3r;Cyp11a1;Degs2;Depp1;Fstl5;Gabrb1;Gm29478;Ins2;Kcnip4;Krt14;Krtdap;Lhfpl3;Lrrc4c;Lrriq1;Lyz1;Mcpt4;Mecom;Mgarp;Ntsr2;Panx3;Pcdh15;Sall1;Slc6a15;Thsd7b;Tph1;Tpsab1
VT3YXB_11,Atp13a5;Camp;Ccdc153;Ccl3;Cldn10;Cldn13;Cldn5;Cnpy1;Cntn4;Col24a1;Col2a1;Cpxm1;Degs2;Dmkn;Ermap;Fstl5;Gabrb1;Gm29478;Gmnc;Gypa;Ifitm5;Ins2;Kcnip4;Klf1;Lcn2;Lrrc4c;Lrriq1;Lyz1;Mag;Mcpt4;Mecom;Meis2;Mgarp;Myh11;Ntsr2;Nxph1;Panx3;Pglyrp1;Prg2;Ptprt;Rhd;Sall1;Scgb1c1;Scn9a;Slc6a15;Slpi;Smpd3;Thsd7b;Tph1;Tpsab1
VT3YXB_12,Ccdc153;Ccl3;Cldn10;Cntn4;Col24a1;Col2a1;Csf3r;Depp1;Elavl4;Gabrb1;Gm29478;Gmnc;Ifitm5;Ins2;Kcnip4;Lrrc4c;Lrriq1;Lyz1;Mag;Mcpt4;Mcpt8;Mecom;Meis2;Mgarp;Mog;Ntsr2;Panx3;Pglyrp1;Pnpla3;Rhd;Sall1;Slc1a2;Slpi;Smpd3;Thsd7b;Tph1;Tpsab1;Ugt2a2
VT3YXB_13,Ano2;Bglap2;Ccdc153;Ccdc171;Ccl3;Cldn5;Cnpy1;Cntn4;Col24a1;Col2a1;Cpxm1;Cpz;Csf3r;Cyp11a1;Degs2;Frmpd2;Gabrb1;Gm12353;Ins2;Jchain;Kcnip4;Lcat;Lrrc4c;Lyz1;Mcpt4;Mcpt8;Mgarp;Ntsr2;Panx3;Prg2;Scgb1c1;Siglece;Smpd3;Tph1;Tpsab1;Tpsb2;Zmynd15
VT3YXB_14,Ano2;Bglap2;Calcr;Ccdc153;Ccl3;Cldn10;Cldn13;Cma1;Cnpy1;Col24a1;Col2a1;Cpxm1;Cpz;Csf3r;Cx3cr1;Cyp11a1;Frmpd2;Gabrb1;Gm12353;Ins2;Kcne2;Kcnip4;Lrrc4c;Lyz1;Mcpt4;Mcpt8;Mecom;Meis2;Mgarp;Ntsr2;Panx3;Pglyrp1;Prg2;Rhd;Sall1;Satb2;Siglece;Smpd3;Tnfrsf11a;Tph1;Tpsab1;Tpsb2;Ugt2a2
VT3YXB_15,Bglap2;Ccdc153;Ccdc171;Ccl3;Col24a1;Col2a1;Cpxm1;Csf3r;Cyp11a1;Derl3;Gabrb1;Gm12353;Ins2;Itih3;Kcnip4;Krt14;Krt17;Lax1;Lrrc4c;Lyz1;Mcpt4;Mcpt8;Mecom;Meis1;Meis2;Mgarp;Mzb1;Ntsr2;Panx3;Pnpla3;Psapl1;Satb2;Serpina3f;Sfn;Slc1a2;Slpi;Smpd3;Thsd7b;Tph1;Tpsab1;Ugt2a2;Zmynd15
VT3YXB_16,Bglap2;Ccdc153;Ccdc171;Ccl3;Cldn5;Col24a1;Col2a1;Cpxm1;Csf3r;Cyp11a1;Derl3;Dmkn;Gabrb1;Gm29478;Ins2;Jchain;Kcnip4;Kcns1;Krt14;Krt17;Krtdap;Lax1;Lrrc4c;Lrriq1;Lyz1;Mcpt4;Mcpt8;Mecom;Mzb1;Panx3;Pcdh15;Psapl1;Sall1;Sfn;Slpi;Smpd3;Thsd7b;Tph1;Tpsab1;Ugt2a2
VT3YXB_17,A530020G20Rik;Acsl1;Acvr1c;Adipoq;Ankef1;Ano2;Apol6;Bglap2;Ccdc153;Ccdc171;Ccl3;Cd200r3;Cma1;Cnpy1;Col24a1;Col2a1;Cpxm1;Csf3r;Cyp11a1;Cyp2e1;Degs2;Fam13a;Gabrb1;Ghr;Gm12353;H2-Q10;Ins2;Kcnip4;Kcns1;Lipe;Lrrc4c;Lyz1;Mcpt4;Mcpt8;Meis2;Mgarp;Nrg4;Panx3;Pck1;Pglyrp1;Plin4;Pnpla3;Pparg;Pth1r;Sall1;Slpi;Smpd3;Thsd7b;Tmem120b;Tnnt3;Tph1;Tpsab1;Tpsb2;Ugt2a2
VT3YXB_18,Adgrd1;Ano2;Ccdc171;Ccl3;Ccl5;Cldn5;Cnmd;Cnpy1;Col24a1;Col2a1;Col9a1;Cpxm1;Cx3cr1;Cxcl10;Cyp11a1;Dmkn;Dmp1;Eya4;Gabrb1;Gm29478;Grin2b;Ifitm5;Ins2;Kcnip4;Kcns1;Krt14;Krt17;Krtdap;Lrrc4c;Lyz1;Mcpt4;Mecom;Meis2;Mzb1;Ntsr2;Nxph1;Panx3;Pcdh15;Phex;Ppargc1b;Prr5l;Rhd;Satb2;Sfn;Slc13a5;Slpi;Smpd3;Thsd7b;Tnfrsf11a;Tnnt3;Tph1;Tpsab1;Ugt2a2
