gene_id,VT3YXB_1,VT3YXB_2,VT3YXB_3,VT3YXB_4,VT3YXB_5,VT3YXB_6,VT3YXB_7,VT3YXB_8,VT3YXB_9,VT3YXB_10,VT3YXB_11,VT3YXB_12,VT3YXB_13,VT3YXB_14,VT3YXB_15,VT3YXB_16,VT3YXB_17,VT3YXB_18
ENSMUSG00000000739,5.773298071002716,6.18318050640487,6.023037854230156,5.996714964453148,6.1200674180740355,5.811519149881661,5.78548171390599,6.161342993969239,6.191829215266343,6.006475586044595,5.855796853722392,6.409316489572577,5.891733064695133,5.963671792456793,5.8087479405704485,6.020958599339404,6.038404609679042,6.05249324585373
ENSMUSG00000000753,11.04895721780772,11.213579269806871,11.223836843971684,11.202599478010205,10.944643999932552,11.32738237957534,11.370376330997495,11.760159239902178,11.70468102746394,11.441533347703748,11.54767934415964,11.508526054092611,11.548834750979287,11.543611041858648,11.305987502906955,11.112875981141725,11.2763647032699,11.415142777650447
ENSMUSG00000001240,10.079565882816272,10.178340718295297,10.413034911350568,10.221955045899907,10.53082235864011,10.554233021649946,9.900121401370194,10.118841392875803,10.123401446794903,10.056229700254656,10.410002018596476,10.421268223225871,9.70786939739095,10.071784359578336,9.97837553488241,10.709445800926686,10.337306318938577,10.444972375122925
ENSMUSG00000001604,7.614490622386608,7.293138700388162,7.4899776777457205,8.387878410073307,7.467657051184407,7.376638959304599,7.785590093573917,7.176938249739558,7.0122053369144695,7.441447308729593,7.620244175447513,7.3711292863196025,7.193125020822867,7.4365090023457485,7.888305066698077,7.197153894425606,8.593731229054164,7.281207305826859
ENSMUSG00000001911,9.139953040003192,9.351875804704765,9.644066320977355,9.118527823559488,8.534396612524485,9.181856073814693,8.803846606953012,9.442977403813723,9.359338447414782,8.856785883151057,9.34387669262715,9.303409138683714,7.675334909494739,8.909115367554037,8.868125247031177,9.133095711188043,8.366021149498627,8.999375507699202
ENSMUSG00000002020,8.503098783351774,8.580408369324097,8.569709711327446,8.367558749613467,8.618658512518584,8.32636576843209,8.518912514508237,9.854485898898401,9.640712043349994,9.269013655054078,9.308902956886758,9.649142241418692,9.032896597604001,8.587414676406251,8.635115933783657,8.481635173873778,8.506930975826812,8.334575178497806
ENSMUSG00000002732,10.25897679923481,9.845838583006795,9.803753044096085,9.991047939403652,10.257855408311476,10.186539634366845,10.370598981258478,8.925648410454464,8.68229111010157,8.979114624440072,8.866950533377999,8.682771502791429,10.606291543815097,10.405410396666564,10.026538825381921,9.960521248296878,10.204005814174458,10.57204668837878
ENSMUSG00000003420,10.189272286244224,10.391811015219629,10.441513238342662,10.215165496090194,10.298793785128098,10.262167546503996,10.264065860526035,10.154030946813217,10.147973879939164,10.087499216845183,10.356448221403216,10.316383208141575,9.998296159457224,10.198603369038672,10.231315721318488,10.135777687505058,10.18220506375923,10.267421123585768
ENSMUSG00000006369,10.993810693878483,11.012153215812543,10.855399573982616,11.179536142439591,11.063800438425872,11.102728818394493,11.11391685765282,11.418677348712635,11.479893448488989,11.35391098843398,11.415310444835029,11.363752393683836,11.122879725857217,11.355928218301125,11.396833677244988,11.400314546768485,10.983968226784981,11.770295986619201
ENSMUSG00000007682,8.049824550503489,8.262344278122674,8.040825517486708,7.947262077709109,7.262670691885146,7.401441153881153,8.011031044282415,7.877905594549368,7.71833933725414,8.124745463256312,7.697148309046353,7.6072285902646595,7.832066093288213,8.436252165942138,8.332291738721175,7.253582172409299,7.247749362576542,9.257423092273523
ENSMUSG00000009633,10.886884359158001,10.46796091928592,10.55446811465177,10.717663251406448,10.940565574996091,10.968932436712139,10.81785118017159,9.977461161073434,9.52899280723476,9.754143838532837,9.905467385679554,9.806020949300448,10.668213685391324,10.324007634134281,10.489196240547637,11.084114691524155,10.953876985367057,10.277628838676996
ENSMUSG00000010066,7.73436050525408,7.983814345848227,7.937482344757306,8.022116590042604,7.7628633764768,7.7549779830936085,7.573237456175248,8.171700821575014,7.991212977977658,7.909856196420728,8.177873435869955,8.207489681340988,7.572272867652224,7.955088258121551,7.854090065679872,8.057693161325156,7.648940010009082,7.656011646644488
ENSMUSG00000015085,7.837295494362757,7.58330172301556,7.54985875531165,7.398175424362011,7.413197335657812,7.131240538927592,7.528924863757149,7.965968147204178,7.584656850144944,7.661308161699522,7.591213559703681,7.736367231696342,7.17749926772307,7.174793235745227,7.448090029791661,7.381875763431608,7.352059151462697,6.998860046249923
ENSMUSG00000016995,7.623396261610023,7.800552544405784,7.66253154178113,7.453621266526556,7.534730993212866,7.217892137588946,7.637214567018686,8.102832882727983,7.512777590414218,7.701470371526242,7.403310381894011,7.676066439548801,7.395392549433333,7.144713840896545,7.475473462944117,6.984335950598671,7.048635884791578,6.599860489890504
ENSMUSG00000017493,12.591816796947372,12.92538821515475,12.811480116391671,12.718122418314756,12.726590119934261,12.643318741017694,12.557139829580231,12.71230060778658,12.916624178237138,12.802623351943641,12.891213194802788,13.110231727830023,12.391105346066611,12.649472964357239,12.623419619740808,12.694346960911716,12.369318048636393,13.239104994612326
ENSMUSG00000017969,9.170442486867923,9.420591337676923,9.521914880858263,9.660397860150747,9.531814160827237,9.933880394479019,9.468456537604347,9.437412460121184,9.372347436707674,9.45813728672963,9.51281503534146,9.485826978616519,9.653221495987438,9.447592057684396,9.408366598308305,9.880705322447453,9.605577658889924,9.655672612989942
ENSMUSG00000018339,13.64998592781463,13.896541914289532,13.975813293333264,13.83550888329497,13.666882320113599,14.250281244425027,14.09144579696513,14.482183383861972,14.046042514690793,14.115681052862982,13.666036863673279,13.781391024573317,13.874969045864459,13.658161568657022,13.819582556332731,13.945971774594865,13.670386549876543,13.792932913584053
ENSMUSG00000018920,9.241086541670219,9.111727812343563,9.061227117687876,9.23282018425618,9.10328199967725,8.827426622070377,9.143504179812775,8.843814303582551,8.91166399503522,8.95179381393775,8.878931066803856,8.915148658404926,9.575998096202904,9.154607437428542,9.403666425950426,8.95013031042755,9.218293306733795,8.793216903628496
ENSMUSG00000019278,6.332175038162564,6.660441158751933,6.368820456563828,6.420067574571494,7.043381600851502,6.744362707426374,6.772212222437417,6.348121415100765,6.663260456467446,6.409219524904365,6.506814712645907,6.395274232967038,6.476679442218157,6.464689369532744,6.565767705373389,6.5615259701742215,6.181887285097284,7.244192227863745
ENSMUSG00000019718,7.904439887773939,7.696071505199259,7.5615372219087496,7.885565903681249,7.737848087666491,7.4888299490299355,7.858824592001481,7.59068034422,7.2017851756940106,7.5235824894213,7.669662212832288,7.601338614442744,7.802069372398672,7.7657700486541685,7.7083734431215785,7.620286710136789,7.728209814179163,7.53159684753959
ENSMUSG00000019872,11.42180577649894,10.756110773223433,10.708217512907016,10.88455092090303,10.964864927635414,10.890949980465482,11.022809138567798,10.118841392875803,10.03439703071429,10.427082527838563,10.4506562919677,10.291195605458045,11.074848833077088,10.97523268449887,11.032400807537156,10.713703599831613,10.825534257482563,10.881825788591811
ENSMUSG00000020053,11.558796298813771,11.379492514659349,11.199960085332368,11.198016215660138,11.12378203322879,11.494422772467392,11.429071756650513,11.306077492907942,10.86723868157071,11.437276356306047,10.870287694884395,10.96985650579152,11.893855157245488,11.284690810589503,11.254090686392898,11.251105162642565,11.498671993399299,11.34569778716586
ENSMUSG00000020186,10.71773926418797,10.239367767194814,10.36263084734055,10.12989225222787,10.42677755059725,10.319079780944536,10.492856309944395,9.465024709193855,10.69970248168287,9.875324868432426,9.992036091715972,9.809827294539142,10.00485729852617,10.74362485987212,10.402378415574459,10.150512052131683,10.21575966661123,11.228412393735395
ENSMUSG00000020241,9.354290747934774,10.050424483373012,10.121880668990373,9.560342888494407,9.463308860425478,9.998302424070042,9.795040042125352,10.440671062130388,10.556423630205288,10.021644118475328,10.295258668662424,10.374925803822643,9.516003702767161,9.897612847460918,9.70999165826854,9.744417483653372,9.760760010553739,9.940488058625041
ENSMUSG00000020467,11.876349581424897,11.928986958394804,11.774374595243538,11.993289183623872,12.059251469484748,11.778160162324495,11.809066484915144,11.331037261415077,11.481894094823103,11.556803821598258,11.693682108245277,11.58638110298277,12.323185504143863,12.05421489307138,12.06157683576176,11.891424739081204,12.196743863825242,11.857549913229603
ENSMUSG00000020473,10.414704093250277,10.608325398584416,10.561692988159082,10.573826772422965,10.491402358179373,10.631446429549138,10.613465748440808,11.024298875948658,11.02374817174096,10.773647517412794,10.819974240371316,10.997368734385626,10.738123823557672,10.956876296196993,10.614418615855902,10.68218388183822,10.860890865719563,10.752821711526723
ENSMUSG00000020774,9.796668881435922,8.943044948453544,8.95976738502359,9.033530366427954,9.220142163406821,9.275587958943328,9.259037668080381,8.506031777264544,8.491170491747898,8.895545067983244,8.887851446683383,8.699305066597196,9.543310665753244,9.447592057684396,9.044639467068704,9.23740540810762,9.593612176837121,9.70021174438817
ENSMUSG00000020866,8.06943731001043,8.58384156568001,8.305545629657841,8.338618850556994,7.769049129396386,8.08431680295886,8.395583569005048,8.984107572591624,8.772373257840743,8.636449825730034,8.56334748488049,8.75571959286091,7.899698016793212,8.538773825080446,8.526735247647165,8.218715878358116,7.854605575140395,8.077523781743153
ENSMUSG00000020884,8.439329146969612,8.538556993707584,8.522998976828625,8.37572118029974,8.316120739845893,7.951557351388439,8.799223572378706,7.407566765090271,7.722888825683685,7.736242301968244,7.820913546398413,8.191968055839315,8.595769446192442,9.101557041425039,8.783750595369805,8.16147706706553,8.428112262236892,9.08201732813654
ENSMUSG00000021253,8.257768967169039,8.559635090418123,8.732480864139326,8.225704536790682,7.996755314084862,8.21508342496804,8.21269295052137,8.553180382886769,8.4370681728212,8.091656956126865,8.414754673292617,8.499764439585304,7.9461165532070535,8.36072705330038,8.356869664642854,8.136228042189112,7.970705724783854,8.207051828238205
ENSMUSG00000021390,13.452353431567895,13.223373731732549,13.244125113034452,13.369587978848367,13.575819716993202,13.439448287964796,13.416261527969665,12.625702540240017,12.181699281131564,12.614306899747572,12.382633977512896,12.319016498655987,13.957310898906655,13.095836024075883,13.379933140044034,13.210031040853346,13.529975567646142,12.987944677281195
ENSMUSG00000021508,7.443813386468097,7.650715611324577,7.640700903009062,7.635601308937012,7.639916817298557,7.682924739123235,7.757126833599803,7.512797085217553,7.4754225464596535,7.261289271677681,7.116397052055136,6.674535756905634,7.832066093288213,7.213920208375656,7.484484747952978,8.071085324632483,7.394502907553968,7.957947709757205
ENSMUSG00000022090,9.212071460479642,9.099799804194621,9.144492943257333,9.074154914308147,9.204341598731613,9.464110389697247,9.468456537604347,8.860557747344073,8.50963473675097,8.860709130153644,8.878931066803856,8.979703013279291,9.509864571757525,9.035742219375301,9.155067393795509,9.3235604410916,9.190747621401004,9.050587260264654
ENSMUSG00000022371,9.802517511142689,9.486178310070343,9.479801107156812,9.553179606727324,9.91533284730356,9.53052133973624,9.439067762690014,9.755120426364442,9.789258484406904,9.67844545678686,9.96000279004396,9.758230507878471,9.935574649552333,9.571618791796755,9.566004684934425,9.583061407693734,9.695088322568981,9.367770134494293
ENSMUSG00000022816,11.88234265905355,11.916473478189452,11.896529008684322,11.88518601200542,11.941411126330523,11.880952677524938,11.8067686593839,12.08202773734952,12.257229197121324,12.140428817869186,12.18690574119404,12.12726990164281,12.067868302806277,11.976445241178597,11.81326958075545,11.633907528296094,11.739537232926258,12.015292230336415
ENSMUSG00000023046,9.364873282918953,9.576701763112334,9.577169255833406,9.496422827234223,9.18376848516774,9.367749552871993,9.334409091898625,9.136189021382297,9.732112057038599,8.786338093332956,9.569311315557863,9.378827906622405,8.949114537671424,9.524433027765811,9.667501646222009,9.683473907160584,9.305261208939328,9.622231732193251
ENSMUSG00000023191,8.036598344709871,8.27940284770366,8.298623132645321,8.379785046820547,8.215868342326042,8.28729190716843,8.496223646552593,8.695364268732813,8.622981449750027,8.264852965164712,8.494873925923008,8.46471210979953,8.44277471129084,8.45250912534336,8.158565230136578,8.385030455410375,8.330328424402156,8.285820668877628
ENSMUSG00000023224,12.1294976761199,12.366549952337046,12.221071706973607,12.375610619202584,12.399454801684545,12.275059457657326,12.284466666583835,12.331216995897444,12.475420677983378,12.516504305551207,12.120119325737287,12.339780498273765,12.540039469671383,12.274013086635701,12.318972600033238,12.349407129913127,12.25959104630065,12.604101799099794
ENSMUSG00000023243,8.720835269402647,8.926928308304838,8.517051857418414,9.2193029044972,9.513618017352355,9.153227224566924,8.668428701135646,8.783628087591152,8.696168541615885,9.12809783965861,9.493479783364114,9.354703772818434,8.641475819868369,8.972414251822729,8.918452077021056,9.052391657201404,8.826511653566401,9.958931987894795
ENSMUSG00000023336,9.111949407564827,9.095000793221729,9.159821338591975,9.149745257983152,9.206609463413619,9.035273218969767,9.31835616817926,8.955174810793904,8.973714491764843,8.946266855913784,9.08427734142888,8.896159850266226,9.25477440862613,9.23421391437245,9.311319899506854,9.085656626694488,9.182779674005454,8.985590315008206
ENSMUSG00000023885,11.851185274359016,11.408764759488458,11.331725589832974,11.298843977261864,11.392152510201615,11.394602931556346,11.646398850650852,11.37242934558843,10.711118722582109,11.19851283358459,11.109944712049073,11.244175692133409,11.97460037974737,11.551160568634765,11.51532990778538,11.453046233726319,11.334112136826189,11.292447101697416
ENSMUSG00000023886,10.83553135174371,10.54293407065975,10.36263084734055,10.71285182644692,10.417024862919726,10.387200172281023,10.265740141536565,10.800501423102716,10.6442060943727,10.655699431629483,10.798087285616248,10.88582762113409,10.541591242688087,10.909936564338217,10.676100243662486,10.426080414772327,10.374482618307894,11.278398050090038
ENSMUSG00000024011,5.874953297137806,6.619692722993869,6.368820456563828,6.2816220797492255,6.1200674180740355,5.538325924937696,5.86575575561604,6.271335652961779,6.68250759060368,6.2924591218271795,5.855796853722392,6.181048564709209,5.7137089089519835,6.080782464268495,5.8701345168161625,6.001040280232422,5.400173494229611,6.441406765809062
ENSMUSG00000024076,9.080181805706989,8.940371345485904,8.696116356222205,9.163928167111305,9.09105693384879,8.796887272722504,8.989769316125438,8.487269875648904,8.346024625633778,8.558834440968504,8.108163447668078,8.00910359995138,9.354085817484783,8.557677256051878,8.815973859088565,8.855559752795843,8.779704974373438,8.552478640981683
ENSMUSG00000024134,8.449326128895779,8.377700242770896,8.319291164071998,8.170429810174257,8.043344777137913,8.15843387876247,7.986763166334618,8.099300951301187,8.337185474771559,7.943665841168368,8.494873925923008,8.264242655652618,7.461131155610681,8.253412621853911,8.164151234208617,8.127711765907305,7.792808836682688,8.061794961099354
ENSMUSG00000024247,9.23533010004646,9.450944837806235,9.482850393575367,9.074154914308147,9.442298092266677,9.511857023825412,9.143504179812775,9.699262497340449,9.773005125382738,9.713544383856528,9.603979664466577,9.894709121027459,8.78581249851858,9.431310314987117,9.247168505091713,9.285904007882502,9.454985170979004,9.382565628799206
ENSMUSG00000024650,7.5411590960382195,7.241331798219763,7.766924086580888,7.655949784055807,7.063876331426822,7.449775979483336,7.728082981903396,7.664510477931561,7.272219049527749,7.670331654986466,7.271765467870573,7.809594639170141,7.283393011182299,7.3516447223779195,7.39167848583204,7.708898019669826,8.373054346231715,6.894442126872155
ENSMUSG00000025213,7.684219916991825,8.004510748187197,7.990087891331347,7.8029762126869535,7.769049129396386,7.934764484930237,7.994898330036844,7.981412052597358,7.4754225464596535,8.023091648432112,7.770106533331784,7.7470616579521865,7.880699543499932,7.599697234251634,7.7083734431215785,7.499470785580582,7.739181908644178,7.176970866648951
ENSMUSG00000025780,9.280750043017143,9.478831993444699,9.18625957337682,9.367582277445687,9.567531355301313,8.981992418493622,9.09908251572363,9.306157822874164,9.456195743440746,9.359074988809592,9.507041651667985,9.557018323523213,9.062574450856161,9.793212523030764,9.233988093643678,9.162490235689452,9.138150003181138,9.796450391509397
ENSMUSG00000026043,12.825577983637361,12.539941875984047,12.403005933744787,12.11162935365917,12.166152843441886,12.547432214253813,12.867162517526165,12.46859888599012,12.311108520674805,12.370788504932118,11.891195377039693,12.33142249446311,12.983077641277335,13.288668453439131,12.477117847883381,12.225187982515186,12.31754391376344,13.720174732871456
ENSMUSG00000026697,9.426786278260478,9.450944837806235,9.723544582251758,9.276982964151442,9.528193266551908,9.01949503872798,9.049360164672414,10.180078979133388,9.970271119092168,9.692807628925323,10.138596850510698,9.832456698442355,9.095759344971889,9.245900659419757,9.348482698085954,9.329124955433404,9.494134166551385,8.98281736140673
ENSMUSG00000027318,5.661990993579898,5.724768857647003,5.784609925518307,5.561089606020157,6.099365776895943,5.66789484447414,5.6993334016789525,6.522564386881354,6.1060362816560545,5.9438002134922305,5.957963482395222,6.708506780125745,5.849662867077049,5.522584844415305,5.839835036301309,5.707167884984611,5.636893610080447,5.443986086494675
ENSMUSG00000027340,11.62957144868773,11.37059374741791,11.353533711426072,11.542464311894907,11.77808607759077,11.579742136761752,11.148807557350537,10.985283932189926,10.56525752315263,11.305506636622729,11.369933906960828,11.151756930628007,11.153706322714417,11.610175287958157,11.384371005815611,11.625646852910842,11.48335958826528,11.81263416440277
ENSMUSG00000027386,7.623396261610023,8.024911745542306,7.873554883163388,7.844868875019209,8.174647087198567,7.549158554809226,7.849873374559193,8.309425478490635,8.36354117891392,8.111601719276472,8.381411297525066,8.086756481612618,8.06859651289026,7.739403088935141,7.901764600996938,7.748433384057049,7.782243768027102,7.852073150262167
ENSMUSG00000027408,8.678998665905038,8.88582881269334,8.841126609415976,8.43940107731206,8.369830875450637,8.602169097652938,8.771168876330169,9.321346328134423,9.07448588640534,8.98451709615465,8.792893170706387,8.903310052549088,8.85045884081796,8.527311185039043,8.812428941037759,8.596994287906552,8.27130533211422,7.827439121928347
ENSMUSG00000027460,6.738559873826115,6.812244404525499,6.474843662222902,6.6462535318998786,6.537853282431845,6.9847643110393856,6.810355024439023,6.850198231224488,6.4875599011700515,7.249225941516583,6.096911942226262,6.0027340992801275,7.0966418743522155,5.861253172937664,6.930246344047284,7.094796754160493,6.683423288568967,6.538704965065535
ENSMUSG00000027848,10.885048659230574,11.055985500370857,11.125862839175488,10.746984224400304,10.97354006007867,11.136609922297183,11.150620739704014,11.581331914712296,11.235797521233417,11.203534748165739,11.014876864480351,11.26926568869591,11.32773826279924,11.042395642730561,11.043011999640848,11.070899657524032,10.918357898183471,11.26649018046578
ENSMUSG00000027953,9.105651714870094,8.736595382877692,8.807439493853716,8.861397393356425,8.770604027855933,8.895300015433909,8.85819417427093,8.506031777264544,8.32233141205901,8.544260729706101,8.514224131284362,8.582340253326324,8.916975081309811,8.824303568272866,8.694115492611475,8.77352248240189,8.736780286809875,9.042621341177153
ENSMUSG00000028266,11.17524898439895,10.798753044294774,11.086334733666408,11.136470791684587,11.402073018045952,11.597544350874536,10.913860402184486,11.265064245440188,10.832641374671898,11.284149976703736,11.236809824273177,11.047648307639536,11.052860195803143,11.130075636883573,11.161132376543241,11.506783332458193,11.432231223747177,11.523935314689014
ENSMUSG00000028270,9.697621020269017,9.67799968253917,9.728690506139525,9.786386736287334,9.743334370293544,9.511857023825412,9.505787201016863,8.891435960673183,9.481761738008876,9.113381474626685,9.467949733426373,8.997627480042706,10.011388716474684,9.663337586936985,9.645777508570209,9.434406915454625,9.541620549652553,9.222600397482038
ENSMUSG00000028444,8.24633794440197,8.240731542393693,8.418387006043252,8.500375419939791,8.42550867534295,8.66779906254773,8.26737066901627,8.623578591760813,8.639836352723272,8.153884920935676,8.510374893324837,8.483937564370382,7.982194810622823,8.032995366643222,8.175258294486598,9.027499339241817,8.563329717794328,8.471621526501698
ENSMUSG00000028469,7.5965099844055475,8.089273838048946,7.835696415937218,7.908310575946416,7.980881818332997,7.871443394419167,8.026983716902679,8.234193552579503,8.242507486237576,8.13452466676829,8.360171215292421,8.245573621670994,7.822137159656459,7.872685486307187,7.580000118698548,7.797702910185135,8.209747165432702,7.757414395017419
ENSMUSG00000028600,7.453854862860418,7.7024344102045745,7.766924086580888,7.445832364534223,7.381108292124333,7.689627932430366,7.471511102302365,7.6157192987471305,7.672025806610904,7.624630031154191,7.802072568363637,7.950275795459471,6.861395738144289,7.461005051837324,7.537380318711166,7.525775420275801,7.488843362064009,7.561867546872788
ENSMUSG00000029061,7.503020174839987,7.617408706404474,7.3485729934825175,7.52185673138601,7.372970739230283,7.835682353293554,7.459743506479367,7.748324815101851,7.589654322350156,7.871326145221118,7.234506711529763,7.484514101048453,8.008667988495409,7.403172869001681,7.484484747952978,7.765046657507268,7.739181908644178,7.64898727932913
ENSMUSG00000029122,6.687475907871683,7.10277120832941,7.206422918719618,6.933202776350172,6.8319182073407205,6.591632293842797,6.847467575630523,7.419019749345146,7.425898292569175,7.359854823442657,7.598527064173529,7.528682884233865,6.7590654365513085,6.840045504455645,7.081738622928305,6.915597595178433,6.937295726295403,6.82017362454961
ENSMUSG00000029163,8.906271095754777,9.249811042040417,9.212221172866514,8.951399890451942,8.916358821549018,9.076521954364381,9.172375095347059,9.286170272780659,9.271018141729142,9.035721400488043,9.293330825965942,9.57502573614035,8.907658970187716,9.181634835904825,9.095090988562525,9.291615612292798,9.035690779504964,9.273389980400568
ENSMUSG00000029761,11.867545438371598,11.83075672716317,11.65786440460308,11.739043039261656,11.510592760307917,11.61862101775218,11.785338449055528,11.649663205561016,11.556566003740006,11.652001333066138,11.622082193817308,11.591179402721597,11.91258079400008,11.67682577078205,11.963652995492698,11.538330334036985,11.424656420528303,11.594124795012641
ENSMUSG00000029843,8.931422249559384,8.964256814583555,9.077462983532977,9.397892301168415,8.809943890816081,9.043097924765313,9.272432273723087,8.824742002907023,8.67763536745572,9.207224641099119,9.135091915666976,9.204666181684797,8.669321294899095,8.377857301003269,9.10091188242279,9.253103346125762,9.290508619356396,8.780494400624601
ENSMUSG00000030116,10.12694273353219,10.010236548416552,9.835104405462864,9.722375692724025,10.031118227515353,9.42274316113587,10.051455410943607,8.630920672095572,8.719003986417238,8.582800135613308,8.757632443926047,8.73181246128359,10.035087263860554,9.624486270290893,10.0687001559894,9.562741069435303,9.900848331227772,9.130419514118973
ENSMUSG00000030255,8.906271095754777,8.604270226565363,8.534819842385428,9.15921603507582,8.785862358066996,9.040494412498221,8.906271095754775,8.80757390556699,8.768000698454529,8.964608095528478,9.03962842787822,9.054386815014569,9.099854186478128,8.720826707414647,8.701802253460762,8.952536975757145,9.079271602766998,9.0585093415489
ENSMUSG00000030281,6.481746505340463,6.686943076586663,6.708160457557996,6.31762500701943,6.445156857222946,6.484614572382424,6.343582464275276,6.617261882389829,6.573099584389328,6.304613589571899,6.584587412388415,6.615959963549499,5.664616506850155,6.208327070072603,6.512485106872947,6.409744687771568,6.279846378569433,6.11885534648249
ENSMUSG00000030350,7.750688967858754,8.059927700279914,8.032493308394356,7.96363575020356,8.048428903776516,8.17280770804521,7.551254278235997,7.757339954359681,7.4645660565339105,7.757551113846179,7.76362633493153,7.814683917554799,7.964269571811066,7.752647603252287,7.833160052341368,7.911422640722521,7.750070075400007,7.477015163019578
ENSMUSG00000030351,9.624661929142556,9.998728901843647,9.875099799710542,9.647003260328653,10.004009514410072,9.992930385540877,9.684199229072862,9.86177319447731,9.942444525763587,10.015505420504565,10.093092538245866,10.249770650916716,9.607960553512992,10.279244279660324,10.122587135500519,9.890770611031838,9.990252600223764,9.943340988764902
ENSMUSG00000030862,10.033897419854897,10.189630369116964,10.123834667961408,9.888083010311432,10.02342474819598,10.022231945416587,10.161675489902589,10.272795768381155,10.094920688766878,9.742508493728332,9.944427231920425,10.17502194635057,10.495752215035054,10.083548773370165,10.254983132830827,9.796210277297591,9.971885846094626,9.933330937079564
ENSMUSG00000030917,9.753038145634271,8.55614348349578,8.924293274987562,8.705190941783894,8.871304091429774,8.799970553225798,8.761694357952862,7.977566698156595,7.806676531829754,8.01251730126033,8.307873852194444,8.16439377548599,8.840700404783252,8.734175909663456,8.93484397293021,8.642454452288153,8.69253460476812,8.79953619801116
ENSMUSG00000030934,12.245631297975034,11.827508869255315,11.915261236612192,11.854935974931207,12.153876062566166,11.97758544660954,12.03886748608494,11.366954162402061,11.249171823763353,11.46842041097295,11.46179107763402,11.311031523292554,12.233409813095475,11.995592703892875,12.114276108470321,11.953343690564678,11.98245636022068,12.306130088983815
ENSMUSG00000031596,10.284271185867901,10.08952263127814,9.916272301264634,10.10562202518366,10.3753277628777,10.177097131221126,9.851886209486668,9.968810135576675,10.106207626723979,10.11810500281755,10.213748991960985,10.2683287991432,10.245467199526024,10.14845941205419,10.077576542862504,10.15990525536843,10.469174772786099,10.242160459776775
ENSMUSG00000031740,10.108178368921873,10.204176007473176,10.09025112000858,10.22082567183737,10.22245605385298,10.4225898066891,10.274082512736015,10.478401359598514,10.316662493573789,10.447417721377809,10.077599632347003,10.241340928317337,10.57430415898998,10.684779287896655,10.24319797977699,10.2190143386167,10.135528009088139,11.004336672994762
ENSMUSG00000031849,9.25253086046836,9.30486695151778,9.420603796273538,9.369622905498357,9.33030872441722,9.72778496309623,9.356586837538869,10.118841392875803,9.635926376036169,9.536193660633451,9.14999305305446,9.338979322125093,9.48504311244544,9.181634835904825,9.54481846218522,9.411861017230859,9.154539461191954,8.650167751701701
ENSMUSG00000032359,10.438681849478876,10.30934661920628,10.315539137196978,10.354528796048506,10.46797848830819,10.385151437122742,10.31992841253825,9.737118026073341,9.742166307867544,9.841020211866836,9.877406084082198,9.979383260258125,10.569886756890538,10.4665799626492,10.394112814734688,10.23193699784408,10.293611462872613,10.341733513822604
ENSMUSG00000033208,11.535581930136084,11.498633625359254,11.30011128013554,11.367800000752695,11.502777092938668,11.441192019516363,11.43726520987993,10.61770759374319,10.700848180482256,10.640966068347332,10.88519406746851,10.682239368467599,11.5872220609846,11.232821210436159,11.172912555192445,11.779785848164346,11.393090816353878,11.314644813613786
ENSMUSG00000033453,6.28612668768381,6.859326771651681,6.6196058886237195,6.436395515721168,6.396273290252186,6.296878979074558,6.289277526726536,6.647408072826852,6.335672566993565,6.6062459832389,6.506814712645907,6.826307030657127,5.932391423778579,6.481229837212777,6.6824786041939355,6.365157827547565,6.370951773481315,7.334965574350915
ENSMUSG00000033863,11.32357622075297,11.070101628010585,11.632017093651461,11.708352895989968,11.96301684594895,12.10968073899478,11.130549270218518,11.921735614885462,11.81855962096232,11.864457941635642,12.094054728287606,11.644354771900339,11.61963683950512,11.406748622211698,11.267079350693423,11.833265068616214,11.945881749531656,12.476027342287932
ENSMUSG00000034664,6.925760317014459,6.163852354489853,6.549171395453489,6.369840761108659,7.012062579563498,6.4523996359755165,6.9531659643290595,5.758218243573383,6.2055856422846425,6.786639693119201,6.906179558976737,5.923622275725323,6.309503861331506,6.447941168918814,6.437974843638085,6.39504883424417,6.279846378569433,6.222306347399528
ENSMUSG00000035112,5.8081574964073335,6.328207506031817,6.312438064212539,6.2632410539709715,6.056917013630347,6.033204273104319,6.395732463006578,6.95732503996633,6.878067044025086,6.653634841063109,6.7942446015897495,7.035420759517488,6.00987634599247,5.887678224780641,5.8701345168161625,6.380187900678327,5.999826791443068,5.982423844932291
ENSMUSG00000035258,9.863469621382754,9.513398179951388,9.627630897182472,9.563911221398484,9.65645417218653,9.70332061715678,9.738274330446307,9.960106889606738,9.751044924862706,9.687300639155556,9.636071529399194,9.614738137688775,10.20425582278519,9.7593812145223,9.424697494611056,9.636387308376344,9.61448702612809,9.52843270107497
ENSMUSG00000035274,8.403780968805178,7.989016613299409,8.032493308394356,8.01166015093404,8.501478905292004,8.562756097466902,8.507612889711464,8.164961198361464,8.903716113590903,7.843722300311175,8.182725227136594,8.191968055839315,8.416708590291691,8.508001107084834,8.202654844167125,8.474946348314763,8.428112262236892,9.0585093415489
ENSMUSG00000036437,8.229018611249309,8.473400487788913,8.065534767329995,8.861397393356425,8.99458970872003,8.72083304023086,7.858824592001481,8.175058776170328,7.657832388416528,9.276370735581535,8.494873925923008,8.518529266969553,8.227165853128888,8.038400996119405,8.22953726536258,8.521126712609616,8.731323470730093,8.510693134253845
ENSMUSG00000036446,13.112928607484914,12.372504999789042,12.648701190148248,12.911432852050494,12.886355012233327,13.199007537290807,13.166560280511396,11.769872442532936,11.608155036240147,11.93327504359248,11.569529487667905,11.39110168813829,13.463036723570383,13.56777856836612,12.917114905834158,12.64448586854594,12.933864611024253,13.950873063285643
ENSMUSG00000036545,9.943281295346628,10.188505373104784,10.047655691085495,10.083423971872195,10.16999706937713,10.361379392242002,10.214646320583432,10.599768174126105,10.186929809635808,10.34204658256767,10.175450072021144,10.174038022176218,10.616322356907265,10.178023148046327,10.264083237933864,10.244744883522031,10.321075493970408,10.148856530289327
ENSMUSG00000036596,8.095176257424388,8.727315436818529,8.517051857418414,8.243665489116166,8.132204102073269,8.322076436898275,8.33930146087917,8.814035979759032,8.855084144598095,8.474223557419117,8.802361563130903,8.891373231481326,8.271504591983454,8.325840363161811,8.487228883871984,8.300502613169026,8.441552912930765,7.852073150262167
ENSMUSG00000037003,9.108804004491954,9.247650897657282,9.156004509777954,9.111226658462877,9.068786765416968,8.998184767261616,8.985707483282205,9.933677423678542,10.088806313253187,9.906938322103626,10.008470807017025,9.956675037369413,9.045690669786415,9.404453676806755,9.115361983562678,9.068011009690213,9.249142187182017,9.215533672275487
ENSMUSG00000037225,8.85461010764858,8.499091583854105,8.332906195863567,8.799117797726824,8.962732416784597,8.89241463631376,8.33930146087917,8.95712186322098,9.126616990309786,8.844951534190917,8.770554779840559,8.646282728994867,8.984987372728673,8.602055705824716,8.469315451665098,8.99284627809413,8.999850498903665,9.19890853602356
ENSMUSG00000037254,8.4837773018361,8.409024101886848,7.981453715106621,8.08329866860758,8.098300327289149,7.968155076275024,8.240292570898667,7.45283207079472,7.713775255775817,8.204268006192939,8.07721609742191,8.646282728994867,8.234651562343076,9.02763835395554,8.54822255057113,8.234658380109035,8.816241013435311,9.105147622210819
ENSMUSG00000037625,10.803818429304728,10.462387077061646,10.401806342525443,10.717663251406448,10.524478119365007,10.689874774323263,10.71008272538935,10.451059419805613,10.612899854702556,10.859366926185132,10.774262476421496,10.643670959801453,10.779519749232307,11.061024371785114,10.760272211423048,10.94195014082486,10.94566708529126,11.094339065296555
ENSMUSG00000037762,7.2951751004019325,7.318343811443642,7.250597026280312,7.608008461255533,8.048428903776516,7.9063299074384465,7.215210558202084,7.7209316951123474,7.496888818442043,8.191837415328955,8.138455715310064,7.799361234928409,7.0798934749861555,7.752647603252287,7.250553011537912,7.813754579905602,7.672043032094566,8.338926302988385
ENSMUSG00000039405,10.99551314994744,10.929060418697157,10.850688629810666,10.589660902247319,10.66870889202038,11.092721200937888,10.962153830597838,11.257982427798854,10.680085061102867,11.818365409911113,10.62240599060454,10.574522757929497,11.529251118518257,10.786635073644122,11.026302037826044,10.773389937010009,11.113159638987051,11.016576151049156
ENSMUSG00000039476,9.512559251121568,9.363890814449727,9.485893240909322,9.184944004060721,9.417065606290732,9.701674802436766,9.706566600258157,9.20496426181238,9.410684117581745,9.372866518276837,9.293330825965942,9.263239934493676,9.573056959071355,9.642275887141103,9.570204809285483,9.664530111307904,9.404504006741693,9.534122564024614
ENSMUSG00000040055,10.247590849692763,10.100330634056002,10.24188644753465,10.328551802271766,10.307266273330626,10.412566783643333,10.326360452979694,9.70853129846986,9.32406231259869,9.983515407592689,9.993412828938942,9.966938019559105,10.4611861114123,10.453544954583167,10.519908745189198,10.729909710991173,10.807525555308315,10.247940497579474
ENSMUSG00000040181,9.996971964160347,9.399346076789996,9.707995659387791,10.464530297572342,10.761799107165135,10.715373883073326,9.591088162959545,9.898679703751874,9.70037601219682,9.647016746370031,9.85030821031619,9.572040082631448,10.009214862874297,9.577178650880052,9.270593495769536,10.655872650984504,10.322887966083972,10.40931226539144
ENSMUSG00000040605,8.858362333837196,8.857762066613896,8.95976738502359,9.02837073009121,8.842411132016789,8.372720728655922,8.718269088809901,8.545428981704198,8.712191357120798,8.534462119943953,8.783362029997292,8.704774266194093,8.663795190225999,9.02221031925256,8.871535694362045,8.720826037245093,8.795477061391272,8.471621526501698
ENSMUSG00000040690,9.861603365005696,9.64720445725048,9.479801107156812,9.505729692805202,9.391383340384225,9.613394434387173,9.669092460682196,10.033845021535345,9.88512640195656,9.978114047789736,9.58034957511708,9.891120686798228,9.715890777129703,9.881228809033898,9.631780604722303,9.49341023826013,9.623341656802985,10.178213694499615
ENSMUSG00000041120,9.724569399243856,10.177206876714,10.205446106803475,10.144260700367024,9.644798582501528,10.030121005960941,9.72616144989552,10.23802194013058,10.517288815890236,9.962699386512742,10.557815328240027,10.447561355263597,8.760153732075883,9.999107976404128,9.981531867520285,9.973601966836444,9.692285989608333,10.092147078661982
ENSMUSG00000041548,9.302933977635274,9.08050702861046,9.455171690568072,9.140211777714654,9.100845276732407,9.212241574676211,9.18659635323783,8.489965203057533,9.005621937124657,8.7592671716699,9.034283395443328,8.898547201298943,8.363111453834774,8.920833295137134,9.174516939797051,9.278253133797827,9.260542272606727,9.558522295761186
ENSMUSG00000041559,11.494035592636592,11.99255632170194,12.089809996747535,11.5869643998366,11.380658942306441,11.563982924771521,11.864801745305417,12.50843050504523,12.41597494975888,11.541630932661207,11.94197592568493,12.138912222370209,11.331222220292387,11.372535504338861,11.611140426797993,11.581290638276883,11.221075808898668,11.16385018134071
ENSMUSG00000041703,8.839502559583286,8.27515719879976,8.701367940938884,8.964967845350586,8.943818040630118,9.037886182954171,8.647998388259243,8.927635797567925,8.903716113590903,8.895545067983244,9.042293519950189,8.715650638938609,8.912324565397897,8.6696333116196,8.627063111246814,8.813802493685639,8.736780286809875,8.9491183682636
ENSMUSG00000042436,10.906019465420435,11.03736308444741,11.1307285537044,10.85136958697394,11.087355564199626,10.82522769797819,11.155143749601457,11.226483284118371,11.14654570041543,10.805503122661538,11.322536094199243,11.328378042661138,11.440100088646911,11.086577041874765,11.072166671606837,10.872560730976742,10.912352077864812,10.156252042171825
ENSMUSG00000042821,7.790709275879283,7.925303064233578,7.998670214762019,7.790777186172541,7.7752081321925335,8.433611193270941,7.876560256401139,8.330644557572967,8.507011478787476,8.276668572983112,7.946260320302855,8.061337788897745,7.630450225853674,7.9144813514320305,8.175258294486598,8.447874984213898,8.06942991170093,8.49908287660013
ENSMUSG00000043099,7.443813386468097,7.758455293972519,7.279293117898912,7.913940560631347,7.666698362400096,7.669422794880214,7.858824592001481,8.401101117407157,8.096382478068866,8.258908435608259,8.285507554560612,8.455001966614095,7.536185768457417,7.759223941954893,7.372362510728272,7.881296315174136,7.717152470405131,7.737703754259101
ENSMUSG00000044006,7.306327797740726,7.351263986465497,7.388562983236138,7.082536631333213,6.4767753159142885,6.820987340568136,7.283788600682851,7.766298375840201,7.2470135132565305,7.5580710977430785,7.26254297670609,7.25538754561878,7.283393011182299,7.2330818968444595,7.372362510728272,6.732851140853271,6.857766492308329,7.167099226014204
ENSMUSG00000044026,9.960820271553118,9.637341346262595,9.43011394953217,9.583380669674634,9.795466660030904,9.729401250649692,9.50294969655986,9.737118026073341,10.112248811987207,9.794655751526419,10.015263699791973,9.764782009708355,9.791212802864756,10.074406981114095,9.803925451619032,9.784110673811522,9.83377707980253,9.92035789822586
ENSMUSG00000044317,6.881290747950492,7.083214563542635,7.031368507518186,7.062159604184596,6.795357789843772,7.121272956632243,7.082624879107996,7.255956732395007,7.0854544031562705,7.180958640334306,7.669662212832288,7.357171002157786,6.217189516337966,6.707649512172055,7.196510578026836,7.163859711720241,7.200561784428731,6.538704965065535
ENSMUSG00000044674,9.914767444622282,9.42633154031172,9.644066320977355,9.810615405384105,10.077675219302305,10.097994580059561,9.71884456095111,10.290644678542236,11.04194375924764,10.223808908641482,10.347864209081377,10.170095598212491,10.00048652486695,10.187744554775225,9.72701926690153,9.91563062715295,10.043989481720027,10.99886339074848
ENSMUSG00000045573,9.909357743198921,10.081060039690747,10.047655691085495,9.946646520467196,10.104661507917287,9.926854478559237,10.05726785011303,9.889541270916604,10.12937117413609,9.744631008497853,10.575385568991921,9.837437577420149,9.803810701404569,10.496218588787475,10.215318861354357,10.4086764916091,10.178205636396276,10.381187668642916
ENSMUSG00000045777,5.998424276107572,6.3452524261932925,6.283310465977778,6.2816220797492255,6.3105529711710115,6.033204273104319,5.941008391165146,6.432383821325242,6.2851860631168615,5.911222142987734,5.933213492760995,6.3522293280345545,6.00987634599247,6.124730742611516,5.984290535861712,6.409744687771568,6.147506139635482,5.95815984311989
ENSMUSG00000045827,9.794714053295209,9.751464949193583,9.644066320977355,9.744554189734432,9.823798681470588,9.753430576148322,9.664021480285214,8.9335815429659,9.081546730736022,9.152295728095389,9.392709024700542,9.045798960613066,9.881930616424855,9.96134825826348,9.900473393243574,9.680575633461682,9.846435403483875,9.444308339894992
ENSMUSG00000046352,9.59800376350291,9.562872652228142,9.741475514262493,9.789437683143849,9.281666028188486,9.688440192482219,9.591088162959545,9.471845878932037,9.258614499613415,9.779208686639837,10.016618446469808,10.064678209530213,9.407905309735156,9.992189633030668,9.814584622031228,9.861641383200201,9.915338603839665,9.622231732193251
ENSMUSG00000046402,11.786284384637135,11.720684950177295,11.71794217788284,11.717988877371482,11.969702808507467,11.633366178976202,12.057348689579179,10.843190952876999,11.34387971814898,11.175891882335785,11.480070132811989,11.276158379533946,11.435251771064902,12.04722463794303,11.939517471911989,11.76139537627492,11.417041632884379,12.446930775171781
ENSMUSG00000046491,8.082364664745572,7.610652554950579,7.766924086580888,7.734550537784216,7.549214641285345,7.676189795472078,8.104182229179425,7.645194615862463,7.034587362052316,7.337275817804443,7.444567435136154,7.613094229528831,8.043219757527767,7.937826493301191,7.76846039765116,7.703159360544161,7.601575347245276,7.378248607461685
ENSMUSG00000047793,9.115087954171969,9.179026941897034,8.722184519800669,9.010164950281919,8.927405467047079,8.790700810664475,8.563242454856507,9.580600615168875,10.29936901483769,9.619521400073163,9.618331005261219,9.764782009708355,9.136192949350626,9.22951253412462,9.02334019920671,8.762587843999917,9.260542272606727,8.855194202645405
ENSMUSG00000048387,8.049824550503489,7.683259650958489,7.928523259868396,7.809036786417547,7.306122172718825,7.940384075564521,7.945377706625772,7.725533985369314,7.672025806610904,7.548302536756822,7.21550001137775,7.799361234928409,6.956651673198715,7.890748090513211,7.874717373553381,7.901451022660847,7.88452788857945,6.84537716850772
ENSMUSG00000049241,6.398355635124032,6.534316048920822,6.8505289230081,6.8400406109158345,6.6384904429528895,6.53152686147018,6.563652477967458,6.627385299129627,6.335672566993565,6.769635854443209,6.83257605248256,6.674535756905634,6.338878837644138,6.650877603569779,6.729583184827609,6.637614232864565,6.816213682014918,6.490940604988899
ENSMUSG00000049409,6.835340732692559,7.012521748054139,6.888636876035766,6.753009528446365,6.867532351387245,6.606249255168362,7.03547801249094,7.049362189978454,7.512777590414218,7.342954564159041,7.676583710445209,7.292589359634303,7.045780987391818,6.748728957677226,7.128783489256812,6.5615259701742215,6.857766492308329,6.490940604988899
ENSMUSG00000050288,8.493470541086317,8.491798056702176,8.620505438795377,8.359349611619182,7.9702006709710345,8.368567997540726,8.431914737399367,8.506031777264544,8.469773599816532,8.486983350262518,8.786546100430824,8.954686593888683,7.653069777556044,8.22528006208679,8.552481705471664,8.292911378771562,8.06073140539586,8.008079950170348
ENSMUSG00000050737,8.498292732062898,8.58384156568001,8.431097385671505,8.108038572674396,8.188519729858545,8.334906136055254,8.58490474352253,8.287887680548936,8.996310597973483,8.416692683909165,8.642833989514369,8.515418773893076,8.076956359773256,8.648634304632083,8.56939315270379,8.430692406815837,8.301120565291923,8.607568114710684
ENSMUSG00000052188,8.609419174085026,8.192003946532306,8.08982442411577,8.261404120988619,8.490336494323085,7.9626439010142285,8.17027019915807,7.977566698156595,7.386142566656047,8.118188678908714,8.133451312932452,8.172326463857788,8.157973789357952,8.258048155674992,8.141675260593551,8.186288586361925,8.40084735052086,8.308187509205718
ENSMUSG00000052276,8.631526805733353,7.86429111214238,7.80662798377645,7.499475043828763,7.364785978027087,7.805180717235406,8.973452748674678,7.056764024879326,6.729468251720883,6.930898026487445,6.354283256183612,6.423211511144586,8.81601069730635,7.144713840896545,8.05409974807282,7.765046657507268,7.717152470405131,6.964920586449823
ENSMUSG00000052911,9.351632923112884,9.638989892370173,9.414228640703346,9.60605597349746,9.397350780032268,9.348941760603665,9.477157543152392,10.305987905782935,10.27264840829876,10.191503815424156,10.257946078217575,10.218617749000833,9.726516982799337,9.68409595023847,9.633788503806286,9.456605451580641,9.7173129872377,9.493813508918574
ENSMUSG00000053199,7.806407814899282,8.150864911706499,7.776954282504806,8.27019178448657,8.117772141121257,7.934764484930237,7.994898330036844,7.654885365257365,7.657832388416528,7.7189625508098985,7.951963234372566,7.804487122556471,8.06859651289026,8.312535924045042,8.208071832794566,8.148908212251383,7.864649576645592,8.20228071579506
ENSMUSG00000055053,9.403879554072908,9.30694303231222,9.53372473938791,9.41182167633346,8.930153928543648,9.230626614132909,9.17950327933054,9.643570654586448,9.570968818330671,9.505226203581447,9.561905224900562,9.735730010765401,8.765322241592369,9.245900659419757,9.311319899506854,9.471775752610736,9.138150003181138,9.23196908137824
ENSMUSG00000055172,8.512662898477881,8.451007617992795,8.511080007913325,8.685646150148395,8.57363104442865,8.609220370713524,8.698539802916976,8.931602356269423,8.581205684344654,8.874356847765572,8.632250378674435,8.576383687030983,9.03717393543757,8.511883950212388,8.662950696978632,8.72364821279223,8.605713966851221,8.491290223117296
ENSMUSG00000055210,6.354606632453661,6.673756659317697,6.058639770892726,6.019334697377611,6.537853282431845,6.161673029409171,6.078981159050976,6.258087194584626,6.5522197366488095,6.340414235838137,6.538465678989674,6.5036660020206565,6.184895596822236,6.464689369532744,6.399095291590228,6.548416800825584,6.456167595002385,6.097119561852894
ENSMUSG00000055538,8.568747492541524,8.940371345485904,8.831581953329875,8.964967845350586,8.748966667665135,8.971095418194823,8.936049711665289,9.101409364485948,9.212734076150253,9.169785925961929,9.238625210647259,9.283464557755234,8.845587897521849,9.038433401127469,8.957483391957783,8.971646767799506,8.779704974373438,8.957617382319036
ENSMUSG00000061353,11.518514802867221,11.345582984563546,11.338470963531561,11.45729469142242,11.685676667707627,11.290098631554976,11.423833406442428,11.374249798428416,11.342045233956306,11.493239036871996,11.248961256945345,11.235242911042375,11.663827678371398,11.27617436347715,11.250825164313627,11.140548025062774,11.191624388132883,11.34946563281398
ENSMUSG00000061524,8.297074578115627,8.05001032293473,8.220184086435248,8.435502802337346,8.117772141121257,8.330642309317149,7.885346089353479,7.11460572235921,7.2017851756940106,7.243155214088889,7.531307086533448,7.478090271476646,7.7610654622854,8.276441813747404,7.874717373553381,8.474946348314763,7.739181908644178,8.211807103764556
ENSMUSG00000061535,7.658470734204964,6.870850144024795,7.1295584116711535,7.18958888013201,7.67990223937102,7.101121952671793,7.3745073670174035,6.4088513722803295,6.372302378692797,6.177626923841246,6.714209292901441,6.846679934099003,7.473919870900071,7.31621592427507,7.261116334838577,6.9552930374263155,7.200561784428731,7.2061753067571335
ENSMUSG00000062488,8.082364664745572,7.852912192976878,8.277652811329794,8.068246750559128,7.876033123208302,7.729196956128949,7.766677930353392,7.064126755025019,6.981790896045506,6.586815909315449,7.225035530933567,6.77401328025472,7.548317146016101,7.516565245174534,7.352778400210128,7.608043056155918,7.625455127721741,7.3610944800381715
ENSMUSG00000062563,7.8296360884646905,7.09302713186056,7.440179579488682,8.127527100712367,8.073581929254754,8.043159782460002,7.540133542662685,7.981412052597358,8.33422694433053,7.871326145221118,8.262786780518953,8.160410891363911,7.791928505568829,7.664268959546667,7.332918433124129,8.079944283129889,8.169885409958715,7.827439121928347
ENSMUSG00000070576,8.257768967169039,8.009638357834458,8.198024870345854,8.56601237469043,8.57363104442865,8.309130922885686,8.058364841005611,8.858475443184048,8.380846425987553,8.86266674874726,8.808639371829527,8.812538717792084,8.487281601834928,8.162362255950217,8.22953726536258,8.474946348314763,8.790238894235852,8.303741967190557
ENSMUSG00000071005,6.188832461575622,6.257717198191477,6.6196058886237195,6.352664850114669,6.5673807434637315,6.201768607498365,6.517787411162549,6.396926632015836,6.297991546661424,6.0514898797883205,6.096911942226262,6.245935025908594,6.880979445447319,6.228403293615752,6.2965710497870395,6.365157827547565,6.751428708721971,5.855984537503906
ENSMUSG00000071656,7.077604108294299,6.83598688707634,6.596533574355468,7.102620354719164,7.235940249121263,7.101121952671793,6.369915204418096,6.75255669018898,7.148243775291978,6.690389803475524,7.146871387349428,6.826307030657127,6.693786331829716,7.223533750738445,6.650145253278404,6.905493257581939,7.200561784428731,7.299355784854905
ENSMUSG00000073889,11.133337484932234,11.032983041700374,11.071227905039681,11.058973176047838,10.954115718866605,11.327915702171683,11.381227396972385,10.761526391301897,10.493023342553874,10.573931388286864,10.45665678658671,10.73722587112609,11.4569420193715,11.045071664187,11.197545708334772,11.104794007543276,10.962040422657557,10.95006501488277
ENSMUSG00000074743,10.714641770506699,10.915527420970319,10.725046627383625,10.873095957418888,10.629553871682134,10.765845837082358,10.925556776882246,10.74923273789582,10.964407268011227,11.10458093907009,11.194353096372504,10.810593708275864,10.905228566666956,11.378913149943136,11.23900769576163,10.938922552068542,11.04562666519821,11.194099674172886
ENSMUSG00000084890,5.773298071002716,5.752323865889318,5.484797750057037,5.743928831156755,6.012983135973759,5.727492337155166,6.011905971941951,6.7340317120452164,6.335672566993565,6.596565870356709,6.672361459349797,6.579558651099206,6.248695409393234,5.861253172937664,6.037632660907719,5.627478137293684,6.075828621595066,5.074625861599015
ENSMUSG00000086283,6.7715848671573635,6.4113090211510535,6.8505289230081,6.575002900213283,6.4767753159142885,6.484614572382424,6.629650392996325,6.072170849891318,5.843579170492185,6.006475586044595,6.096911942226262,6.490589213517037,6.715894592931463,6.591627527278568,6.650145253278404,6.271176545693819,6.611840709989591,6.407329416456269
ENSMUSG00000089669,8.062929558857325,7.650715611324577,7.526209165597723,7.97444818984059,7.898755505477773,7.761350948159321,7.953751271314384,7.528719835566115,7.453625603471694,7.692642953479805,7.476727528744675,7.438922423240909,8.034659777828008,7.70574233897795,7.874717373553381,7.865991235937309,7.874623352508079,7.839809331597264
ENSMUSG00000090231,6.881290747950492,7.122057780820737,6.708160457557996,6.803414920175624,6.936116843815048,7.0174748379535,6.540915563829104,6.933329678590589,6.981790896045506,6.803435356545464,6.714209292901441,7.445526194885127,7.062941570881045,7.0063222662315185,6.789965485417742,6.895314522070712,7.101134573446848,6.998860046249923
ENSMUSG00000091345,7.632246401065188,7.232508543576064,6.811336846052539,7.514435396849554,6.795357789843772,7.441834100477986,8.184551179101163,8.327632415083935,7.619275175934388,7.799235419824687,7.5003768198941465,7.452099265639416,8.271504591983454,6.360876108020801,7.312774542513729,7.737249183457502,7.648940010009082,6.941824065659046
ENSMUSG00000095687,9.943281295346628,9.557652330811571,9.68435318698551,9.71757843410117,9.841409890028043,9.718048993152136,9.929997028720603,9.008720610795589,9.018557437312475,9.41079489120876,9.238625210647259,9.13553838760087,9.836059133151847,9.584558587575062,9.692760496185405,9.736066846190402,9.686664925879713,9.868767391569765
ENSMUSG00000097328,8.454298632169504,8.18296352064323,8.480842453945254,8.462570988732853,8.027983032961062,8.540793444934813,8.28734874499861,8.487269875648904,8.445314651734273,8.351184121243541,8.435207602995947,8.46471210979953,7.832066093288213,8.508001107084834,8.077982275709411,8.609258311561158,8.153624780250787,8.018985604422694
ENSMUSG00000118669,7.7095110988225235,7.438022871640427,7.334986952494062,7.151601841791676,6.507662361523559,7.131240538927592,6.847467575630523,7.2687047318667295,7.2017851756940106,7.376554951696639,7.1060894967448425,7.335971027857876,6.715894592931463,6.679559583773736,7.045384041012254,7.277088604269714,6.878082202843903,7.116668888280201
