,Uniquely Mapped,Multi-mapped,Unmapped
0453_5xFAD_M_SPP1,16262083,3189477,327417
612_5xFAD_M_SPP1,16232938,3248504,446118
613_5xFAD_M_SPP1,10838794,2197023,447097
621_5xFAD_F_SPP1,15809103,3229819,371762
0463_5xFAD_F_SPP1,15424152,3269422,317756
0455_5xFAD_F_SPP1,15867257,3751136,820045
616_WT_M_NTC,11647734,2948044,366534
611_WT_M_NTC,16135896,1735641,447972
626_WT_M_NTC,16905768,2015420,463479
624_WT_F_NTC,16570649,1921099,403715
623_WT_F_NTC,13313701,2290185,374433
0466_WT_F_NTC,15097363,1711521,413214
617_5xFAD_M_NTC,9920543,2110924,356417
0452_5xFAD_M_NTC,15877797,3749056,375175
0451_5xFAD_M_NTC,14547426,2977929,443971
629_5xFAD_F_NTC,16169257,3128899,391566
0469_5xFAD_F_NTC,9492751,2103972,389957
620_5xFAD_F_NTC,16833184,3417712,314686
