lineage	abundance_signature_validated	state_module	n_state_genes	r_state_vs_abundance	genotype_beta_unadjusted	p_unadjusted	genotype_beta_given_abundance	p_given_abundance	perm_p_given_abundance	genotype_beta_given_abundance_and_mito	p_given_abundance_and_mito	abundance_beta	note
macrophage_BAM	True	CURATED_INNATE_IMMUNE_ACTIVATION	9	0.29725561320575705	0.10532687299943626	0.6565840634044674	0.028403834194430308	0.910129637751075	0.91	0.5227145441307979	0.1662575620087609	0.2572764390678241	
macrophage_BAM	True	CURATED_TYPE_I_IFN_ISG	17	0.6398663412509998	-0.17278457957607857	0.6780425746886597	-0.46554481533718606	0.1912083755915524	0.19	-0.24955691420758375	0.6608010398731894	0.9791645276547883	
macrophage_BAM	True	CURATED_MHCII_ANTIGEN_PRESENTATION	10	0.49468882408703924	-0.5534500290849544	0.1528419503003365	-0.8248656374243482	0.01621385834442754	0.02	-0.14947299400737757	0.6606534614885708	0.9077753857072293	
macrophage_BAM	True	CURATED_COMPLEMENT_CLASSICAL	12	0.452425010041062	-0.23228071192069624	0.44903453720787123	-0.4209126294115867	0.14474529845055184	0.15	0.30192188018528576	0.3010367773963986	0.6308974369774077	
macrophage_BAM	True	CURATED_PHAGOCYTOSIS_LYSOSOME	13	0.0435258200350766	0.08863588089679433	0.5745102892250593	0.07804668311775159	0.6594432622568063	0.65	0.31625440034042823	0.2735417961559313	0.035416581813454334	
macrophage_BAM	True	CURATED_LIPID_HANDLING	11	0.09750206689957722	0.24047799958832808	0.15226557724301026	0.2099007978780653	0.25099122864145534	0.245	0.4936646307804081	0.09260406382312004	0.10226836712232185	
macrophage_BAM	True	CURATED_DAM_KerenShaul2017	22	0.2701112150968478	0.318582597467378	0.06760958863113298	0.29584872558068537	0.12113847942218049	0.095	0.41333458729172246	0.18979057297414847	0.0760356025463183	
fibroblast_stromal	True	CURATED_ECM_REMODELING	17	0.3063041475536396	-0.035269193236783694	0.9249119073442451	0.16773098548299903	0.7013485627966184	0.71	0.5660186522315274	0.4232775360509413	0.4131271379246625	
fibroblast_stromal	True	CURATED_FIBROBLAST_ACTIVATION	11	-0.26274007048675835	0.6498725674771006	0.04945454873643764	0.6742476820093677	0.09049698161371743	0.08	0.6401003587344513	0.303521554003762	0.04960597259966824	
fibroblast_stromal	True	CURATED_INFLAMMATORY_FIBROBLAST	10	0.17537803367205823	-0.015217946767132673	0.9552233731743909	0.07988922185478473	0.8066303354305204	0.78	0.35364969829125836	0.5035596665856337	0.19355328954231138	
blood_endothelial	True	CURATED_VASCULAR_INFLAMMATION_ADHESION	9	0.5813122334691113	-0.7178509869752214	0.060159575603444274	-0.4321251460601864	0.41803397585886715	0.27	0.029814393015891283	0.9585913511936459	0.30759920820769227	
blood_endothelial	True	CURATED_ANGIOGENESIS_ENDOTHELIAL	8	0.9504176625560915	-0.6870239189684332	0.007800329396504464	-0.0932376836433318	0.5190232708184611	0.345	0.05826388805905945	0.6885417691402258	0.6392427623826318	
blood_endothelial	True	CURATED_MENINGEAL_IMMUNE_TRAFFICKING	10	0.4116745006969349	-0.03365055215232787	0.8718302420248244	0.3670133742272813	0.18580853851387374	0.04	0.36707041700295584	0.29133462561978934	0.43133622817265915	
T_cell	False	CURATED_T_CELL_ACTIVATION	7	0.14945609486149242	-0.10345772649619944	0.6681287130392148							abundance signature not validated - state cannot be separated from abundance
T_cell	False	CURATED_T_CELL_CYTOTOXICITY	7	0.4764575976444547	-0.011840925267223745	0.9698029525655357							abundance signature not validated - state cannot be separated from abundance
lymphatic_endothelial	False	CURATED_LYMPHATIC_ENDOTHELIAL	5	0.12093521553697982	-0.5872591646465503	0.019786257389337533							abundance signature not validated - state cannot be separated from abundance
B_cell	True	CURATED_B_PLASMA	7	0.21616070542668775	0.18702782758751513	0.559280959562879	0.34555288730864897	0.4045228926341257	0.29	-0.03626448675977548	0.9541845845314434	0.18291003140589512	
monocyte	True	CURATED_MONOCYTE_RECRUITMENT	8	0.8133794657832873	-0.09164907758033927	0.7665318464500152	-0.12392771963253787	0.5342547102916448	0.55	0.018699733812292396	0.9576843591158081	0.47973832690329793	
