	macrophage_BAM|CURATED_INNATE_IMMUNE_ACTIVATION	macrophage_BAM|CURATED_TYPE_I_IFN_ISG	macrophage_BAM|CURATED_MHCII_ANTIGEN_PRESENTATION	macrophage_BAM|CURATED_COMPLEMENT_CLASSICAL	macrophage_BAM|CURATED_PHAGOCYTOSIS_LYSOSOME	macrophage_BAM|CURATED_LIPID_HANDLING	macrophage_BAM|CURATED_DAM_KerenShaul2017	fibroblast_stromal|CURATED_ECM_REMODELING	fibroblast_stromal|CURATED_FIBROBLAST_ACTIVATION	fibroblast_stromal|CURATED_INFLAMMATORY_FIBROBLAST	blood_endothelial|CURATED_VASCULAR_INFLAMMATION_ADHESION	blood_endothelial|CURATED_ANGIOGENESIS_ENDOTHELIAL	blood_endothelial|CURATED_MENINGEAL_IMMUNE_TRAFFICKING	T_cell|CURATED_T_CELL_ACTIVATION	T_cell|CURATED_T_CELL_CYTOTOXICITY	lymphatic_endothelial|CURATED_LYMPHATIC_ENDOTHELIAL	B_cell|CURATED_B_PLASMA	monocyte|CURATED_MONOCYTE_RECRUITMENT
VT3YXB_1	-1.021572862579171	-0.44574659083521084	-0.946617946022473	-1.5317094284541817	-1.614634503090667	-0.17963650638778297	-0.9153051099833006	-1.5860427373956345	-1.236075476042002	-0.5654603189948636	-1.7376086700670355	-1.1307390082324142	-0.952977910626123	-1.075288623483779	-0.43741969845117623	-1.9513138417565912	-0.04235085718768466	-0.4979488968788294
VT3YXB_2	0.21821022226580633	1.0607830497848691	0.5903751068833492	0.4419758644437908	0.18652583471294587	0.09350861446670233	0.00024279620008180937	0.028885665425122765	-0.40398915309984285	0.39611801335157737	0.1682852723612657	-0.12320951117894906	-0.36061352169026567	-0.1534594458910954	0.2715726173474266	-0.19990866576200308	-0.06724892211859693	0.08942681039024036
VT3YXB_3	-0.506018270431284	1.0684134650041244	-0.5130576250401454	-0.6037403682093202	-0.31589449471513353	-0.3565993779748282	-0.5407008953725084	-0.6446639517251783	-0.6467926366231009	-0.3979948452135075	-0.41946441525185396	-0.4553544353999863	0.13134643899037515	-0.5188884226636549	0.01219189477847927	-0.611274624669067	-0.7104502382807346	0.12306399796976591
VT3YXB_4	-0.35513637642656604	0.5759546923318314	0.17252335477183708	-0.12165155853564848	-0.19041055523150519	0.3465097668550338	0.15845790912437877	-0.6896876777219517	-0.5564033264872165	-0.3017449730109941	-0.38954994311809127	-0.2655531306358899	-0.10179094986211445	-0.3194269290632295	-0.03581130083279204	-0.09913438857377406	0.27626685050683336	0.19010448970100707
VT3YXB_5	0.6196408990185105	0.6854694782681908	-0.3978118127909443	-0.020142695433256117	-0.07591052208980371	-0.18764051303185084	-0.09600741634066878	-0.9518615630056843	-0.055864929126570304	0.9235510772032958	0.345533099735708	-0.5025195456549774	0.47316158775571093	0.6145474360592751	0.6684004159928582	-0.05318948731139992	-0.5171765197720347	1.1289761009172663
VT3YXB_6	0.4059244744954993	0.3860770795665595	0.24935788247302412	-0.0014544813105694966	0.5133611254264778	-0.16832872336158186	0.10863788798809777	0.5388069952333259	0.6942796960055052	-0.10775133536143985	0.26480139330845376	0.22940462695167463	0.08629161670171306	0.5029199250686553	-0.8743168942684879	0.11909314911916905	-0.018973445436875996	-0.10792724954535936
VT3YXB_7	-0.5289118397745212	-0.26249735989981027	-0.21439596964060698	-0.3793341163243215	-0.22166690778979198	-0.5508508109337407	-0.135051886310844	-0.19906215750760586	-0.1212744702856531	-0.4121497814073744	-0.4641407383274563	-0.24396264602180184	-0.17331358484358278	-0.6788723233725895	0.6047997952518614	-0.34340972176667234	0.5751789114573496	0.04307742349772492
VT3YXB_8	-0.21520108271866986	0.1618859570544977	0.2528241315640806	0.24286492028446047	-0.14358070841126566	-0.4811587552002001	-0.22335976514476677	0.43240239339121134	-0.20260134457947576	-0.21056062538507553	-0.09796738539751895	0.5637498496814919	0.060402250582690595	0.23832276318069873	0.3294170126606461	0.5682285618356384	-0.2879855750102753	-0.1799332714088957
VT3YXB_9	0.3682804756232336	-0.14107174866380517	0.6861774749322834	0.36154182490936443	0.2471135396196396	-0.27790800115093567	-0.04489182353553	0.5781852084776752	-0.0009476452205482231	0.5084935125727551	1.530510977596872	0.3002592585695763	0.036888309066835934	0.13908878398631025	-0.4438777015510116	0.013554257985902884	-0.21378704440972915	-0.024243531513717942
VT3YXB_10	0.30438508157422806	-0.992359845739702	0.4449660021988838	0.859693838782234	0.28896583500280404	0.005090148194977531	0.12365568001031009	0.5558357711952464	-0.015962121127527183	0.4286833231274638	0.21089977189255935	0.6850205635314608	0.6193760058924611	0.7253134780881147	0.15251792454685534	0.7123998894479635	0.7982348719593275	0.20740382724437328
VT3YXB_11	0.06849978526192907	0.28510306021972465	0.2974706565535138	-0.14154338379199974	-0.15388420928878482	0.24319007260854092	-0.29480485914954524	-0.09220732703072808	-0.27884955088212715	-0.4776326153582059	0.6817035826032357	0.9204099863761347	-0.08777117767996918	0.3427636203463781	-0.23336485500090923	1.2026323646766504	-0.5829160170664326	-0.03233463547881521
VT3YXB_12	0.006442917864081854	-0.19818191130284302	0.615923311509402	0.6719803856519327	0.46562636567083915	0.5662967174335187	0.2610422759201921	0.4829353257795527	-0.22755965764937294	0.23546121776479997	1.1765483840737452	0.9595802468437151	0.007661222803902357	0.01855488724661845	-0.17627791738892537	1.006236071237015	-0.3098420635482521	-0.20187020587668536
VT3YXB_13	0.673886250487446	0.9390804198175254	0.6446054861084702	0.9730625315123929	0.3866990183496112	0.14051804552520633	0.6172859838280584	0.3829731088886236	0.9236049864423354	0.7313142390937493	-0.44057450466915515	0.13016828792241014	0.7769775800053784	0.31109273731394893	0.8595073673780161	0.007477841738704178	0.537696189291568	0.8407377022140949
VT3YXB_14	-0.5091254961639977	-0.5639231524860177	-0.5340469657490156	-0.41710069602342187	0.08528014265208718	0.07261739457324476	0.22471581138724173	0.9034270469803896	0.6763713120807222	-0.41741696453351407	-0.13293135722553817	0.007027501163270226	0.035048646385662886	0.07980468545753558	-0.35310683011789085	-0.3241630621546392	0.44515728625796436	-0.7292120185171622
VT3YXB_15	0.2576509892948611	-0.12636229799767001	0.4739239831101553	0.08756300899730442	0.01475908558456193	0.28372325991365227	0.10810476067392596	-0.15554254936148942	-0.20757290442732923	-0.2674259368179845	-0.1868277713815751	-0.2878287404256443	-0.004103914262784419	-0.34376974696054713	-0.1053429663904639	-0.09331247730590153	0.570496256002088	0.4904572184003119
VT3YXB_16	-0.07586063890945399	-0.45203750657868674	-0.20735641731057206	-0.24998957985252632	-0.10845988294815934	0.19429708883752764	-0.09868191399835213	-0.7169348198453659	-0.21532630585909576	-0.33160004347690425	-0.03177535299309987	-0.07358055242710645	-0.35208280504034895	-0.39863872850249216	0.07372296743028943	0.08244747300694773	-0.8138612617413437	-0.11120137755147509
VT3YXB_17	-0.10334097619462755	-0.06142152084455906	-0.0612715443642405	0.012499485925519716	0.14836707314990355	0.026555556980033687	0.14075243914357072	-0.22841950052368062	0.4157575737054323	0.049775248245291503	-0.5121608815899025	-0.27120520771620416	0.02110388538906367	0.08202970898661423	0.5379170225390036	0.24892468454776032	0.395173193771167	-0.15367690421222635
VT3YXB_18	0.3922464473126712	-1.9191652676990023	-1.5535891091869694	-0.18451555257177632	0.48774376339620207	0.229816022652465	0.6059081255596399	1.3609707687461723	1.4592059531758368	0.21634080820092877	0.03471853844937753	-0.4416675433467492	-0.21560367956860094	0.43390619420327464	-0.8505288539237801	-0.2852880242956758	-0.03361161467436464	-1.0748994793515956
