	Composition_PC1	Composition_PC2	Composition_PC3
fibroblast_stromal	0.4451713879082006	-0.03567704214631533	0.09751282453097015
blood_endothelial	0.4678793306512037	0.027940487372677528	0.02116689609036073
macrophage_BAM	0.10450269506856545	0.3995688169526747	0.2937900979753899
monocyte	-0.07029612789264153	0.4662585212561833	-0.08214579160622293
dendritic_cell	0.29136214124077453	0.2173148039086017	-0.2416315621179318
B_cell	0.24838894488021165	0.22477595832297428	-0.2801174614199201
NK_cell	-0.1253466074946842	0.45536639387382843	0.0002885673974730102
mast_cell	-0.0629974881173675	0.31409861646122694	0.15692085584178572
neutrophil	-0.15868883363881392	0.34504402664147604	0.04031991070523792
CNS_neural	-0.37139399656874206	0.0200371490541794	-0.06119653769032619
bone_osteoblast	-0.01999270586687518	0.09366858417082963	0.5451395123038013
osteoclast	-0.061796038916620846	-0.2629172628585892	0.4762921750260229
olfactory_nasal	-0.3300138411027765	-0.07684750775286901	-0.3651492547768418
choroid_plexus	-0.15846092143278476	-0.024802844596318208	0.05400415332191535
erythroid_blood	0.048423666600500764	0.04981236320219429	0.23261459657135863
skeletal_muscle	-0.3115792546158236	0.1037768289420114	0.12547830040757302
