	fibroblast_stromal	blood_endothelial	macrophage_BAM	monocyte	dendritic_cell	B_cell	NK_cell	mast_cell	neutrophil	CNS_neural	bone_osteoblast	osteoclast	olfactory_nasal	choroid_plexus	erythroid_blood	skeletal_muscle
VT3YXB_1	-1.5836934293647849	-1.5086286623249956	-1.5173678036566045	0.11683990756499099	-0.20377267124221962	-0.2794054679192262	-0.23935289117959618	-0.6699927460834082	-0.5752467976089275	1.2560342915940097	-1.2740933938342933	-1.2108323344093634	2.438383759350216	0.13976502031345978	-0.5936883549519146	0.10296560902887957
VT3YXB_2	0.12197556125216505	-0.04298695130948363	0.39283058943577565	0.8615735053477566	-0.04366999347187725	0.4454623879633223	0.46898853764952675	1.0920523817611816	0.3434423151819381	-0.15179745931119512	0.21322932175945553	-0.27368288091716736	0.3152905144332965	0.6041406847100594	0.3742496263366337	-0.1464129338876014
VT3YXB_3	-0.9105604851620726	-0.7339723881879159	0.06538718455991016	0.4841338860955112	-0.9043638729375018	0.4983045378701661	0.30448012317997253	0.6394353153861361	1.5215137398453318	0.30295849066231084	-0.6988672541366382	-0.8196597419094808	1.4443193875711653	0.7936474618951642	0.48970201699927846	0.43487019398296994
VT3YXB_4	-0.514139600472017	-0.545023669149232	-0.040672615276441546	0.4329870279722625	-0.004191047051454566	-0.5656582271164002	0.3904303327620797	-0.21282976362547157	0.2764242903585564	0.11805613496819149	0.37812115613105446	-0.1391642901095884	0.7983444262029589	0.07944102034989346	-0.592225293009027	1.5941971189983044
VT3YXB_5	-0.4611035566554104	-0.13940594833770933	0.6044610852668971	0.9057471093093766	0.4253890054657785	-0.28132559592594153	0.5542938913361077	1.332634004028108	1.763532326578934	0.17608186677947654	0.324657160010221	0.07547002136439411	-0.9728774057882749	0.42428275875865396	0.4418193920667631	0.6752626362817067
VT3YXB_6	-0.24952797478418667	-0.1393813535351383	0.40102877405589743	-0.38514373378911704	-0.7078086031750113	-1.1446697706825628	-0.7091354566669428	0.05082446807441917	-0.8965653060724458	0.11208894457380097	0.9579755647038	1.8003494552354127	-0.9289045498397943	0.4594132346532159	1.5452547129969019	-0.8961106047263978
VT3YXB_7	-0.443693559463965	-0.20043278731711517	0.18160629506519985	0.5283730371744505	0.1627276806181082	1.070491689974738	0.5416690810136338	0.3956126515767248	0.3383324807727161	0.34055233630378295	0.13447227926322422	-0.6328476574725627	-0.05787992806257611	0.9556992661509545	1.2376290142646542	0.7138443065466448
VT3YXB_8	0.9760073159474926	0.6367574616745223	-0.22144136469692544	-0.2914148657979007	0.6506972361880744	0.6301283148378669	-0.8269340018842266	-0.23443915284186176	-0.7289247408389237	-0.3979542361570039	-0.5114232502134085	-0.28426524914912576	-0.20933452373590514	-2.628480459741243	-1.105588001102181	-1.1320856416306277
VT3YXB_9	0.7923871638047534	0.5296749133638713	-0.34322642434302647	-0.6139394852271731	0.2908111432673168	-0.3458011675451232	-0.9020002302915535	-0.5736273005415345	-0.36590667939332383	-0.4485903269997642	-0.4934558628970396	0.021859725628315684	-0.13824388282101344	-0.5283395825132794	-0.7255861316304579	0.3145334341125532
VT3YXB_10	0.20921779500394802	0.8820201135968064	-0.10314924635555511	0.8763464565155591	0.8150138617130892	0.6443453273695595	-0.21610085445458732	-1.496852973286897	1.1025336081535115	-0.7233622568032646	0.08024445767566687	-0.04403245584365475	-0.5538454650552213	0.5246142847925255	-1.1153517423187203	-1.1064390179067751
VT3YXB_11	0.902169990887482	1.297950437604476	-0.4000967157643727	-1.0644574747796924	0.16272690290001057	1.1227157542030637	-0.2870938586059411	-0.41208353105911694	-1.1748585301442371	-1.1250688131616302	-0.5372545684249133	-1.068741412907629	-1.3351930020098397	0.880313853119647	1.9641277916830866	-1.9937176401216834
VT3YXB_12	0.8365598115269718	1.1953994684654656	0.0365043586091445	-0.8448280717969842	0.7173822899552978	0.1418158866766824	-0.8023134815006541	0.26542630364616243	-1.7226706610953564	-1.349376013160079	-0.4154190131068727	-0.07449509753267912	-0.08848294891032478	0.11163386804899086	-0.692527545555726	-0.770723911291017
VT3YXB_13	0.4725283942939962	0.3969090816060914	1.1325169069763643	1.5301599012285623	0.38048225590413326	0.3491649517812452	1.6390490976261325	0.2647010210570131	0.8912595497848628	0.1421801662288872	0.39863437773336297	-0.8414073170170604	-1.217007133045478	-1.6846218324650166	-0.2985360236202371	-0.26678775918631364
VT3YXB_14	0.4355369868416564	-0.2043022918375576	-0.4496297639864013	-0.7041290466305397	-0.2511208057319119	0.47516296758556625	-0.7931772647605079	-0.02461952336670557	0.1756310119800483	-0.08030543260635553	0.5322976955323483	1.270346094621621	-0.34136685503113817	-0.6348040910488074	1.1816822492996073	0.09793161058536004
VT3YXB_15	0.2727618414981455	-0.07260745373261117	0.521370506638271	0.4165871125817097	0.29743852936630105	0.6329461284818877	0.7796203998290006	0.6464265315985959	0.5014002899888809	-0.6069348977352532	-0.2013423157410323	-0.3033955556912058	0.583334755314933	0.2814089636451746	0.02297473929644352	0.36614570256261053
VT3YXB_16	-0.5018349643319159	-0.4633855142939329	0.10947237668661552	-0.6925503860062269	0.056475903599484574	-0.7042343556588309	0.40761614093754506	-0.18551358979966528	-0.4254632141359375	2.09774307669136	-0.036986384042669136	-0.28622878010775626	0.32236217590329835	0.4236959688412452	-1.2205121835078647	-0.5476870304737436
VT3YXB_17	-0.12216026662854036	-0.1190875447888871	0.2933419073093523	-0.22708010394598616	0.10079379749964629	-1.2885094244969226	0.42725188197526376	-0.4593623680785847	-1.1441328861491171	0.28648299380537395	0.8152742565577328	0.24620768701389753	-0.05529840385189053	-1.08979978272455	-0.6401168739468639	2.051023900867482
VT3YXB_18	-0.23243102419370437	-0.7694969114966332	-0.6629360505241013	-1.3292047758165353	-1.945011612867316	-1.400933937399078	-0.7372914469652718	-0.41779172844509804	0.11969920279349491	0.05121113432736699	0.3339357730300039	2.564519789203644	-0.003600920624407015	0.8879893632139148	-0.27330739330036746	0.5091900262576423
