	fibroblast_stromal	blood_endothelial	osteoblast	osteoclast	erythroid	choroid_plexus	skeletal_muscle
VT3YXB_1	1.4609089646390425	-0.8600650587466947	-2.7228555132098893	-1.4464553657927124	0.18979738285858616	2.4484833390593996	0.93018625119227
VT3YXB_2	1.3606752021103399	-0.804846998181973	-1.849115562155379	-1.277319728941975	0.40311041415765914	2.351470221853529	-0.18397354884219563
VT3YXB_3	1.369667492453257	-0.9459921663458966	-2.2811811239642026	-1.7531015921218982	0.6351014824585643	2.663439254079333	0.31206665344084383
VT3YXB_4	1.2575579889632431	-0.5695515458438751	-1.421153923027806	-0.7043413967065724	-0.20397691230662307	1.9320035167422582	-0.2905377278206256
VT3YXB_5	1.2106729126006683	-0.6842989581911185	-2.049488159972749	-0.97620685097132	0.4178892539638799	2.297643928330033	-0.21621212575939275
VT3YXB_6	0.7517077272883272	-1.47689044434994	-0.5280771068281598	-0.05140400413278012	0.7472533369031948	1.6078104939915685	-1.0504000028722134
VT3YXB_7	1.3592183140331913	-1.1549804423532666	-2.0298816196732727	-2.307972828996079	1.237970513466129	2.8545449261776907	0.04110113734560539
VT3YXB_8	2.001139219808247	0.06514947247411706	-0.520186117026582	-0.3575733635983176	-0.4230685514890613	-0.5203519523167892	-0.24510870785161387
VT3YXB_9	1.4868010605533157	-0.48944821556499196	-0.9035405888697761	-0.41760553511839493	-0.5799065205558382	1.329027030585648	-0.4253272310299647
VT3YXB_10	1.4609899048976327	-0.3759487399780399	-0.8106903829210723	-0.742671670109631	-0.7533892564992133	2.1386558687545554	-0.916945724144234
VT3YXB_11	1.602938024473789	-0.32007127898972376	-1.8551425336554197	-2.4644771291739196	1.6262153613730062	2.50512082215464	-1.0945832661823736
VT3YXB_12	1.4209037702134457	-0.259986031171461	-1.3282555597294907	-0.6115749429963708	-0.4832435594181672	1.8709457821850066	-0.6087894590829617
VT3YXB_13	1.725636507420331	-0.3746974530163185	-0.8390797983654386	-1.1268106547206629	0.17520824834424964	0.6962962753674422	-0.25655312502960115
VT3YXB_14	1.0670980586313095	-1.2013222847063436	-1.042291963552687	0.4566636938286681	0.6539837809834377	1.1037911728179728	-1.0379224580023552
VT3YXB_15	1.4534268228868157	-0.7551565718716478	-1.7796776176354867	-1.2186927566191161	0.2645117088310118	2.2828990866791314	-0.2473106722707068
VT3YXB_16	1.3485145516089532	-0.5036148874390824	-1.3080269185692455	-1.101638523968317	-0.7485530203574364	2.3017641969307543	0.011554601794370178
VT3YXB_17	1.313968503084194	-0.6390265551259313	-0.9813733148969344	-0.325227145401803	-0.3935193076387766	0.9818468203449136	0.04333099963433806
VT3YXB_18	0.5036660890360114	-1.8061788205679634	0.017497588434283173	0.8280429694450178	-1.140172245567057	1.4279932647295421	0.16915115449016538
