	fibroblast_stromal	blood_endothelial	macrophage_BAM	monocyte	dendritic_cell	neutrophil	B_cell	plasma_cell	T_cell	NK_ILC	mast_cell	lymphatic_endothelial	mural_pericyte_SMC	osteoblast	osteoclast	erythroid	olfactory_epithelium	choroid_plexus	skeletal_muscle	CNS_neural_glial
VT3YXB_1	0.16163818063316965	0.014967476894280608	0.0007313808148254934	0.0030847410564519527	0.008955799486801422	0.0	0.0008902763014681304	0.011045258051846425	0.0034184422639856266	0.0	0.0026232798351766614	0.00039472144579653294	0.01736328760193396	0.0014787725668676272	0.007883215988970724	0.04462320191350359	0.09997991091339262	0.4356370746317674	0.09466048127552865	0.090624498324233
VT3YXB_2	0.2032682895894951	0.02242753580982424	0.00935827984870072	0.002906381311362894	0.00031815807375413504	0.0	0.0001425445058748357	0.005811935999658471	0.0	0.0	0.002324425614429201	0.00029209407830797736	0.010221534300786664	0.007245301397919559	0.013606101374678907	0.07740357194898628	0.0014630696139902855	0.5491710856027489	0.04258815869451252	0.05145153223496927
VT3YXB_3	0.15975861655897217	0.014867044814233999	0.005738865878883242	0.0001458492726545733	0.002554903653150421	0.00048014256957685207	0.001126946727433889	0.003986805389907217	0.0	0.0	0.002189079350939995	0.0001417643924484005	0.01258464384054125	0.0031747536371541122	0.006079015747586307	0.0761180954384846	0.0168710242604682	0.5852086155992188	0.05482954027420224	0.05414429259414371
VT3YXB_4	0.22214397052643048	0.03489893524281264	0.0038486653878985104	0.010106569852564076	0.003104876890399515	0.0	0.00052207009631327	0.0045820547510067354	0.0015356572936814185	0.0012478971417301228	0.0030082129313601562	1.91884615307464e-05	0.017183372374458862	0.014319174191276391	0.030372063053601562	0.05074264361206861	0.0	0.43701917969072307	0.04645213193117884	0.11889333657096504
VT3YXB_5	0.18162936590346757	0.026453314442326	0.0008202133388613827	0.006116004459009587	0.003657556720753946	0.001817711600016873	0.0006352389134077229	0.0007226671198325599	0.003104050267946088	0.0	0.003644357011798083	0.0004695421346244642	0.01545479385747512	0.006009719623480558	0.019503159835792556	0.08165498338864753	0.0	0.5405469638719158	0.0428411878683358	0.06491916964230832
VT3YXB_6	0.1755781419635766	0.018013805820397986	0.0004956364136214335	0.006455218797597406	0.0	0.00035791788670591537	0.0	0.0007419040771559883	0.0	0.0	0.0020581786981370906	0.0	0.016084515141182483	0.048105874682875575	0.0780951673649769	0.17479334318349748	0.0	0.41465944192743637	0.028126714552494	0.036434139490344776
VT3YXB_7	0.1379907633201996	0.010248206836133842	0.0009940729113424225	0.001039038704902855	0.0	0.0	0.00032685539675201744	0.0020388306789948696	0.0	0.0	0.0015136005915873493	0.0	0.01461619283110266	0.0036894136169961103	0.0025509541320246363	0.12212002337941036	0.0	0.6190090608046593	0.03619931336956387	0.047663673426330065
VT3YXB_8	0.4407258001361629	0.06273281509469553	0.006383089079348089	0.06286700600822535	0.010039453590998853	0.0	0.006673103732950223	0.0017693849890357877	0.007190471435940809	0.0	0.002643691326658898	0.03315433647926148	0.021909455382647526	0.03449401146256481	0.0407615785958348	0.03811404292463133	0.0015994891607746383	0.034488125790912885	0.045732572254420525	0.14872157255493557
VT3YXB_9	0.3171419608346348	0.04309068011096644	0.014907620050278987	0.04778694919043767	0.007115110222554074	0.0	0.001304790511661	0.001973267327913693	0.0006376163089523828	0.0	0.0011539542951141673	0.015417273525046498	0.026985126012503784	0.02814128949376102	0.046374831431053816	0.03927738397648852	0.003280440449070168	0.2707068345593819	0.046010426113033194	0.08869444558714792
VT3YXB_10	0.22850156506065045	0.03556060168940035	0.004393467842890379	0.07074023186942949	0.0007499277798132286	0.002792398306754471	0.0016860707867071116	0.003208633454608864	0.017275304280924383	0.0	0.0008339518835591511	0.02209393777293172	0.011017062769580515	0.022670500331549326	0.02433655650299417	0.024066459747932707	0.002262219580273885	0.4509519246450301	0.020284395952866713	0.05657478974210302
VT3YXB_11	0.18925190590564794	0.026808443876118616	0.003651995355232228	0.012961828369712092	0.0	0.0	0.0006004631256086581	0.0	0.035757182246004125	0.0	0.0008598270406249293	0.011489106320966598	0.005405807948058774	0.0049910605894553355	0.002257414755363218	0.1937324083923529	0.0027791664851297563	0.46796672273553613	0.011817708917475987	0.029668957936712793
VT3YXB_12	0.25889223238821524	0.04739406841924855	0.01924867690725842	0.0480693865336283	0.001221019717454136	2.084914493887065e-06	0.0016981507814681203	0.0005885065876326883	0.0010278825528261784	0.0	0.0022344326696610785	0.018778945019889144	0.01801459738506078	0.015628327623756856	0.03304858043301518	0.03771084234088366	0.00321768552154924	0.4066092790784098	0.0331435544189327	0.05347174670661599
VT3YXB_13	0.4008104979294743	0.04818784887225318	0.0	0.020770084136234407	0.00695652586855958	0.000915477652980817	0.004704149452627587	0.011576434393275787	0.0015175067057315705	0.00020477431844262805	0.005489706697732119	0.0006619750832716455	0.04063293150998119	0.02991570395784532	0.02218564685443678	0.08424694844995376	0.0	0.14254381896634372	0.054356326184915885	0.12432364296593962
VT3YXB_14	0.2562647406407058	0.025620599425431635	0.001384649089727738	0.008556987850108194	0.0	0.0	0.0007905064195730838	0.0023670421723472933	0.0	0.0	0.001956483568722821	0.0	0.010836238322445502	0.030209285157004863	0.13872431590145626	0.169202924082204	0.0	0.26587991164333696	0.030345952669001898	0.05786036305793394
VT3YXB_15	0.2204623545701337	0.023329004113023903	0.0033482330113900538	0.005663497114080251	0.003948682001439149	0.0	0.0007185840561572136	0.004841891933501032	0.0016630925297598464	0.0	0.003157448080934314	0.0	0.014084236660685836	0.007733342552469114	0.014304287818959309	0.06644668973892626	0.00328971700996981	0.5066158100568238	0.03942769715001291	0.0809654316017336
VT3YXB_16	0.19325131134901685	0.029478554373673777	0.00131522243588856	0.009235415912858194	0.0027143897792117184	0.0	0.00047103635236437225	0.006888971651467761	0.005322279064050709	0.0	0.001712636086735973	0.0003310123146922362	0.028486054826694675	0.012634608048206663	0.01576007658374224	0.022857178755695734	0.0	0.5029123707415	0.05001872847133426	0.11661015325286632
VT3YXB_17	0.2832267782175878	0.03931716771605875	0.0030776154855670264	0.03191880347290811	0.009091905101636252	0.0	0.0008462352109333755	0.005217970498462774	0.00572389608205543	0.0	0.0025307421466051953	0.00036078849155128	0.03174919233135108	0.02762929849564493	0.0541786876748173	0.05053620774495614	0.0	0.20290429704383034	0.0787689978554345	0.1729214164305997
VT3YXB_18	0.15064580029795177	0.014054886618618114	0.0	0.0	0.0	0.0	0.00032991352261847875	0.0	0.0006439652402627763	0.0	0.00022824262831340052	0.0	0.003473943640564754	0.09225885742118049	0.2087516938275281	0.028303565726293542	0.0	0.3811735084392946	0.10753064829079981	0.01260497434657409
