	fit_quality_rho
VT3YXB_1	0.9108704799956773
VT3YXB_2	0.9109025236823337
VT3YXB_3	0.9079270911185351
VT3YXB_4	0.9072879831246314
VT3YXB_5	0.9103962502814462
VT3YXB_6	0.918576472620522
VT3YXB_7	0.9011084345531848
VT3YXB_8	0.9192459338324397
VT3YXB_9	0.9216369929270775
VT3YXB_10	0.922286962084883
VT3YXB_11	0.920851679307048
VT3YXB_12	0.9259083843530231
VT3YXB_13	0.9072090353633604
VT3YXB_14	0.9150801861983222
VT3YXB_15	0.9099321852270881
VT3YXB_16	0.9159928255044055
VT3YXB_17	0.9125608134215768
VT3YXB_18	0.9228292127479015
