	Fibroblast/stromal	Blood endothelial	Lymphatic endothelial	Mural	Myeloid (BAM, mono, DC, neutrophil, mast)	Lymphoid (T, B, plasma, NK)	Bone (osteoblast, osteoclast)	Other adjacent (CNS, CP, olfactory, blood, muscle)
VT3YXB_1	0.16163818063316965	0.014967476894280608	0.00039472144579653294	0.01736328760193396	0.01539520119325553	0.015353976617300182	0.009361988555838351	0.7655251670584252
VT3YXB_2	0.2032682895894951	0.02242753580982424	0.00029209407830797736	0.010221534300786664	0.014907244848246952	0.005954480505533307	0.020851402772598466	0.7220774180952071
VT3YXB_3	0.15975861655897217	0.014867044814233999	0.0001417643924484005	0.01258464384054125	0.011108840725205085	0.0051137521173411065	0.009253769384740419	0.7871715681665175
VT3YXB_4	0.22214397052643048	0.03489893524281264	1.91884615307464e-05	0.017183372374458862	0.020068325062222257	0.007887679282731548	0.04469123724487795	0.6531072918049355
VT3YXB_5	0.18162936590346757	0.026453314442326	0.0004695421346244642	0.01545479385747512	0.01605584313043987	0.0044619563011863705	0.025512879459273115	0.7299623047712075
VT3YXB_6	0.1755781419635766	0.018013805820397986	0.0	0.016084515141182483	0.009366951796061847	0.0007419040771559883	0.12620104204785249	0.6540136391537726
VT3YXB_7	0.1379907633201996	0.010248206836133842	0.0	0.01461619283110266	0.003546712207832627	0.002365686075746887	0.006240367749020747	0.8249920709799635
VT3YXB_8	0.4407258001361629	0.06273281509469553	0.03315433647926148	0.021909455382647526	0.0819332400052312	0.01563296015792682	0.0752555900583996	0.2686558026856749
VT3YXB_9	0.3171419608346348	0.04309068011096644	0.015417273525046498	0.026985126012503784	0.07096363375838491	0.003915674148527075	0.07451612092481484	0.4479695306851217
VT3YXB_10	0.22850156506065045	0.03556060168940035	0.02209393777293172	0.011017062769580515	0.07950997768244672	0.022170008522240357	0.047007056834543495	0.5541397896682064
VT3YXB_11	0.18925190590564794	0.026808443876118616	0.011489106320966598	0.005405807948058774	0.017473650765569247	0.03635764537161278	0.007248475344818553	0.7059649644672077
VT3YXB_12	0.25889223238821524	0.04739406841924855	0.018778945019889144	0.01801459738506078	0.07077560074249584	0.003314539921926987	0.048676908056772036	0.5341531080663914
VT3YXB_13	0.4008104979294743	0.04818784887225318	0.0006619750832716455	0.04063293150998119	0.03413179435550692	0.018002864870077573	0.0521013508122821	0.405470736567153
VT3YXB_14	0.2562647406407058	0.025620599425431635	0.0	0.010836238322445502	0.011898120508558752	0.003157548591920377	0.1689336010584611	0.5232891514524768
VT3YXB_15	0.2204623545701337	0.023329004113023903	0.0	0.014084236660685836	0.016117860207843768	0.0072235685194180915	0.022037630371428422	0.6967453455574664
VT3YXB_16	0.19325131134901685	0.029478554373673777	0.0003310123146922362	0.028486054826694675	0.014977664214694446	0.012682287067882842	0.028394684631948903	0.6923984312213962
VT3YXB_17	0.2832267782175878	0.03931716771605875	0.00036078849155128	0.03174919233135108	0.04661906620671658	0.01178810179145158	0.08180798617046223	0.5051309190748207
VT3YXB_18	0.15064580029795177	0.014054886618618114	0.0	0.003473943640564754	0.00022824262831340052	0.000973878762881255	0.30101055124870857	0.5296126968029621
