pathway	n_genes	associated_lineage	baseline_effect_SD	baseline_p	comp_adjusted_effect_SD	comp_adjusted_p	comp13_adjusted_effect_SD	comp13_adjusted_p	tech_adjusted_effect_SD	tech_adjusted_p	comp_adjusted_retention	comp13_adjusted_retention	tech_adjusted_retention	matched_effect_SD	matched_n	position_616	r_with_lineage_abundance	residual_genotype_given_abundance_p	camera_FDR_baseline	camera_FDR_comp1	camera_FDR_comp13	camera_FDR_tech	pathology_association	confidence_tier
CURATED_FIBROBLAST_ACTIVATION	11	fibroblast_stromal	1.1549834846390514	0.04945454873643757	0.9560339333475244	0.23423937499812608	0.06071388474758965	0.9055027276357359	1.1853093599868054	0.22909075933984	0.8277468431908344	0.05256688563522066	1.026256544574948	0.7448920007694206	2 vs 2	0.03656697922022652	-0.26274007048675835	0.0904969816137174	0.983327443167685	0.99337096320816	0.930387281991748	0.816713941210017	not available	Tier 3 - composition-associated
CURATED_ANGIOGENESIS_ENDOTHELIAL	11	blood_endothelial	-1.404001327548927	0.008511224306956654	-0.24937556304367078	0.21993636916202158	-0.18136360208538657	0.43246286802810574	-0.2519374896094547	0.6606292098181772	0.17761775444972328	0.12917623261938574	0.17944248674556554	-0.1556905366613318	2 vs 2	1.1280487660945122	0.9708283666547869	0.5190232708184611	0.983327443167685	0.99337096320816	0.930387281991748	0.816713941210017	not available	Tier 4 - uninterpretable (follows technical/processing axis)
MSIGDB_HALLMARK_REACTIVE_OXYGEN_SPECIES_PATHWAY	46	-	1.1878355277283026	0.03783158851756661	-0.08520641628639003	0.7914236652904599	-0.019906397459053704	0.9586131175047191	0.48668830119839857	0.5679352790973381	-0.07173250361465831	-0.01675854694894002	0.4097270117262567	-0.1039944399494106	2 vs 2	0.8772778157051481			0.983327443167685	0.99337096320816	0.930387281991748	0.816713941210017	not available	Tier 4 - uninterpretable (follows technical/processing axis)
CURATED_VASCULAR_INFLAMMATION_ADHESION	9	blood_endothelial	-1.0968396580719173	0.06015957560344433	-0.7689686045694907	0.3249717007817898	-0.848977731218648	0.3657237470294271	0.05301154613563308	0.9461368269034283	0.7010765875490172	0.7740217314087875	-0.048331171968033666	-1.293998963756727	2 vs 2	1.2769385652247651	0.5813122334691113	0.4180339758588671	0.983327443167685	0.99337096320816	0.930387281991748	0.975299867891835	not available	no baseline genotype association
CURATED_DAM_KerenShaul2017	22	macrophage_BAM	1.0881679841512624	0.06760958863113298	1.2145343841358704	0.15302173561293012	0.5782127046401744	0.47022052423779087	1.4158657194069781	0.16473091178091961	1.1161276584360915	0.531363459559199	1.3011462752336993	1.546154711529423	2 vs 2	-0.3290525143237054	0.2701112150968478	0.1211384794221804	0.983327443167685	0.99337096320816	0.930387281991748	0.816713941210017	not available	no baseline genotype association
MSIGDB_HALLMARK_IL6_JAK_STAT3_SIGNALING	75	macrophage_BAM	-1.0744101446520304	0.07081453159005394	-0.49786674909419204	0.5058615760514923	-0.7079775504974299	0.42735933081551897	0.6320075116312618	0.29520908466808526	0.46338612081463204	0.6589453329545049	-0.5882367313610486	-0.4733675726226236	2 vs 2	1.5932694516248351	-0.35766309567961513		0.983327443167685	0.99337096320816	0.930387281991748	0.816713941210017	not available	no baseline genotype association
MSIGDB_HALLMARK_CHOLESTEROL_HOMEOSTASIS	66	macrophage_BAM	0.9202426193615072	0.12697436797650127	-0.4326690997982601	0.33151498496140464	-0.6537166668389389	0.20500378846605416	0.00876000175716235	0.9924145142074084	-0.4701685084944874	-0.7103742568372977	0.009519230660323372	-0.5615604082457208	2 vs 2	1.230599912108556	-0.15734440085959223		0.983327443167685	0.99337096320816	0.930387281991748	0.816713941210017	not available	no baseline genotype association
CURATED_LIPID_HANDLING	11	macrophage_BAM	0.7367944128999951	0.1522655772430105	1.6283862376044034	0.01460946106684134	1.601737257809543	0.0384745753213985	1.5184350926610874	0.08387981570676775	2.210095800258767	2.1739269866409074	2.0608667303604866	1.9195175598907193	2 vs 2	-3.8275162857933775	0.09750206689957722	0.2509912286414553	0.983327443167685	0.99337096320816	0.930387281991748	0.816713941210017	not available	no baseline genotype association
CURATED_MHCII_ANTIGEN_PRESENTATION	10	macrophage_BAM	-0.8583925388636258	0.15284195030033634	0.08957753020718523	0.8938277860951459	0.6624950208801255	0.3199759916990163	-0.21279869271866725	0.8268175585625409	-0.10435497298913098	-0.7717856235763219	0.24790370731830758	0.501548105145114	2 vs 2	1.0121768473727784	0.49468882408703924	0.0162138583444275	0.983327443167685	0.99337096320816	0.930387281991748	0.816713941210017	not available	no baseline genotype association
MSIGDB_HALLMARK_ANGIOGENESIS	33	blood_endothelial	-0.7864088617891203	0.2088850930335384	-0.13337507354863687	0.8699066189980315	-0.7227487778758563	0.4022274098375947	0.47683912414822627	0.6020597783767228	0.16960016605764305	0.9190496356202879	-0.6063501408966742	-0.010409737670305064	2 vs 2	1.5382645765451237	0.5396510025207579		0.983327443167685	0.99337096320816	0.930387281991748	0.816713941210017	not available	no baseline genotype association
CURATED_LYMPHATIC_ENDOTHELIAL	10	lymphatic_endothelial	-0.6216594044063676	0.26375596931044243	-0.04072484340353166	0.9556107862618949	0.781330688013068	0.16852959747963756	0.16255689263563033	0.8559028590840014	0.06550989676158839	-1.2568468883040114	-0.2614886728704096	0.2455550741213286	2 vs 2	1.9003925956643721	0.7803377806120744		0.983327443167685	0.99337096320816	0.930387281991748	0.923098922708347	not available	no baseline genotype association
MSIGDB_HALLMARK_TGF_BETA_SIGNALING	53	fibroblast_stromal	-0.6766140650475152	0.2648402991599277	0.11370110527096594	0.8809514321363545	-0.2649190668600553	0.7575073682717908	1.0750756898022393	0.145236733703547	-0.16804425320804006	0.39153644676519006	-1.5889053233422545	-0.36363847475159183	2 vs 2	2.460857775241585	0.6606815339445193		0.983327443167685	0.99337096320816	0.930387281991748	0.816713941210017	not available	no baseline genotype association
MSIGDB_HALLMARK_INTERFERON_ALPHA_RESPONSE	86	macrophage_BAM	-0.680926766311658	0.2667641712318629	0.7496886391205989	0.12113523170669808	0.9490309992033341	0.09505986419615269	0.05519645125722128	0.956305405492039	-1.100982772613566	-1.3937343135208253	-0.08106077479697434	1.1415530226241337	2 vs 2	1.4485767332850104	0.46901487803598074		0.983327443167685	0.99337096320816	0.930387281991748	0.975299867891835	not available	no baseline genotype association
MSIGDB_HALLMARK_EPITHELIAL_MESENCHYMAL_TRANSITION	189	fibroblast_stromal	-0.6176689546827527	0.33328975711425357	-0.20129371791369155	0.8217169093516937	-1.014999538697376	0.23856363824032875	0.7364780596288696	0.4378555612590375	0.32589256168311076	1.6432743316663865	-1.192350779564661	-0.3873315032375718	2 vs 2	1.9425251355328321	0.5681483089517875		0.983327443167685	0.99337096320816	0.930387281991748	0.816713941210017	not available	no baseline genotype association
MSIGDB_HALLMARK_COAGULATION	108	blood_endothelial	-0.5758671000364336	0.3410786622915503	-0.0849095935896142	0.9187109487608621	-0.6638490462508159	0.4553367111102313	0.3411858678708066	0.7266082373342502	0.1474465090716976	1.1527816855813013	-0.592473276992592	0.051934711172552744	2 vs 2	1.758625122174391	0.4572480142626292		0.983327443167685	0.99337096320816	0.930387281991748	0.816713941210017	not available	no baseline genotype association
MSIGDB_HALLMARK_INFLAMMATORY_RESPONSE	172	macrophage_BAM	-0.5920407350523041	0.35065833547536096	0.19118957365351363	0.8151349244218161	0.12579501975761515	0.898210394343131	0.7749931703503675	0.41047263890038993	-0.3229331401269592	-0.2124769670561633	-1.3090200124184028	0.36032350151551906	2 vs 2	2.292863902206543	0.08991330047780928		0.983327443167685	0.99337096320816	0.970409990458619	0.816713941210017	not available	no baseline genotype association
MSIGDB_HALLMARK_INTERFERON_GAMMA_RESPONSE	177	macrophage_BAM	-0.5802031737077734	0.3552286245312511	0.8034413194607881	0.16234783273242473	0.8201815827935115	0.2318928718930922	0.5009328213064487	0.6133587151166867	-1.384758574011957	-1.413610990012623	-0.8633748383436968	1.212082293903047	2 vs 2	1.9803097926068747	0.42004989375038737		0.983327443167685	0.99337096320816	0.930387281991748	0.816713941210017	not available	no baseline genotype association
CURATED_BAM_PROGRAM	11	macrophage_BAM	-0.5223267265760358	0.4113421302122672	-0.03138415168840325	0.971703275977585	0.5074669093111858	0.6012167458636307	-0.6998422659633897	0.5356761072619378	0.06008528779320392	-0.9715507238883613	1.3398553632340555	0.6536720840634413	2 vs 2	0.75938100699407	0.6737904483073485		0.983327443167685	0.99337096320816	0.930387281991748	0.816713941210017	not available	no baseline genotype association
MSIGDB_HALLMARK_TNFA_SIGNALING_VIA_NFKB	177	macrophage_BAM	-0.48684637124977503	0.43913164538052274	-0.16659949727301127	0.8530721229539262	-0.6495142617203188	0.5228213401398083	1.045168473865993	0.2482128218916196	0.342201374214491	1.3341257120864674	-2.1468137293145655	-0.4865426031555363	2 vs 2	2.6651527258298437	-0.5047664434293331		0.983327443167685	0.99337096320816	0.930387281991748	0.816713941210017	not available	no baseline genotype association
CURATED_B_PLASMA	11	B_cell	-0.42374274945510004	0.4438985622142974	-0.12799567295657222	0.871265543350732	-0.3757148977113521	0.6872502034123944	-0.9199109039463822	0.34708487765427815	0.30205985381735645	0.8866579975574614	2.1709183346011596	0.4109106607821008	2 vs 2	-5.298972268519018	0.7251636348143193	0.4045228926341257	0.983327443167685	0.99337096320816	0.930387281991748	0.816713941210017	not available	no baseline genotype association
CURATED_COMPLEMENT_CLASSICAL	14	macrophage_BAM	-0.43825852321185177	0.4982490581861482	0.316258964706021	0.7132124905648175	0.5196070818185683	0.613266482237239	0.7278199971096184	0.4813084025993829	-0.7216265011533914	-1.1856177445461638	-1.6607092813065365	1.125655924034656	2 vs 2	2.2608731124593113	0.4800080195392576	0.1447452984505518	0.983327443167685	0.99337096320816	0.930387281991748	0.816713941210017	not available	no baseline genotype association
MSIGDB_HALLMARK_HYPOXIA	179	-	-0.35243947125155994	0.5264342098326686	-0.7697668278253209	0.34005751070877493	-1.2688115113600715	0.1618269602396701	0.2885710604295407	0.760324792725745	2.1841107214574333	3.600083460726891	-0.8187819014844906	-1.4584542550102162	2 vs 2	2.48755048867628			0.983327443167685	0.99337096320816	0.930387281991748	0.816713941210017	not available	no baseline genotype association
MSIGDB_HALLMARK_APOPTOSIS	147	-	-0.40005558364722316	0.5332271549127368	-0.5484281016066921	0.5619732604278848	-1.2791159088097521	0.19984194670700534	0.38016090042142275	0.7266133916067731	1.3708797577746263	3.197345471717504	-0.9502702023443225	-0.6081680464750152	2 vs 2	1.68122721024077			0.983327443167685	0.99337096320816	0.930387281991748	0.816713941210017	not available	no baseline genotype association
CURATED_PHAGOCYTOSIS_LYSOSOME	13	macrophage_BAM	0.352179260560595	0.5745102892250592	0.6009538463078786	0.5147187581031616	-0.005542233263421736	0.9954166130557203	1.2606975149097293	0.24502596334904306	1.7063862458887755	-0.01573696660785667	3.5797040203417008	0.7470081013928944	2 vs 2	-12.84753512342834	0.0435258200350766	0.6594432622568063	0.983327443167685	0.99337096320816	0.930387281991748	0.816713941210017	not available	no baseline genotype association
MSIGDB_HALLMARK_ALLOGRAFT_REJECTION	161	macrophage_BAM	-0.3358829152458567	0.5930208035293792	0.5970695593279094	0.45252467573943633	0.6793970109174914	0.4774357572991934	0.7481195997408194	0.4644792732866858	-1.7776121744414168	-2.022719763582474	-2.2273225751694374	1.3742362045275862	2 vs 2	2.257266577836376	0.4694090614404817		0.983327443167685	0.99337096320816	0.930387281991748	0.816713941210017	not available	no baseline genotype association
MSIGDB_HALLMARK_COMPLEMENT	169	macrophage_BAM	0.2781468395120457	0.6525119723687682	0.2943107872853246	0.7466330560344412	-0.28374239200526324	0.7718113722503153	1.1329697448754756	0.2900429063849077	1.058113001757041	-1.0201172607354942	4.073279232160429	0.39452901357150993	2 vs 2	-17.746042176178637	-0.13718785981861953		0.983327443167685	0.99337096320816	0.947160494275389	0.816713941210017	not available	no baseline genotype association
CURATED_INNATE_IMMUNE_ACTIVATION	9	macrophage_BAM	0.2876277775935246	0.6565840634044675	0.7563575099781248	0.42022368497706397	0.7680101459685906	0.49567356528861095	1.439106496372787	0.18725823509002754	2.62964000315369	2.6701529052383184	5.003364099299657	1.4912529887245567	2 vs 2	1110.8153320578929	0.29725561320575705	0.910129637751075	0.983327443167685	0.99337096320816	0.930387281991748	0.816713941210017	not available	no baseline genotype association
CURATED_T_CELL_ACTIVATION	7	T_cell	-0.2646506554009963	0.668128713039215	0.5593018482427345	0.49013563248400727	0.051869128255845	0.951764854185572	1.2444058626258279	0.17565089750208557	-2.113359014340189	-0.1959909306752079	-4.702069831417251	0.6486034441258557	2 vs 2	3.661131565696985	0.14945609486149242		0.983327443167685	0.99337096320816	0.930387281991748	0.816713941210017	not available	no baseline genotype association
CURATED_TYPE_I_IFN_ISG	17	macrophage_BAM	-0.24654020341758204	0.6780425746886598	0.7636807357293439	0.28898097408409124	1.1031178520207812	0.18819394382400073	-0.33912137342275406	0.7497292294775103	-3.09759108308938	-4.474393371665857	1.3755215933214793	0.867738608180934	2 vs 2	0.4574926051260849	0.6398663412509998	0.1912083755915524	0.983327443167685	0.99337096320816	0.930387281991748	0.816713941210017	not available	no baseline genotype association
CURATED_MONOCYTE_RECRUITMENT	10	monocyte	-0.2554027672707347	0.6781304936131011	0.25589005373614987	0.7678684518729789	0.8335004071741853	0.37732172152723925	-0.38326492578179844	0.727915993120045	-1.0019079138046247	-3.2634744567612675	1.5006294954334851	1.236441425503327	2 vs 2	-1.6109746239576312	0.9021075255728715	0.5342547102916448	0.983327443167685	0.99337096320816	0.930387281991748	0.816713941210017	not available	no baseline genotype association
CURATED_CHEMOKINES	14	macrophage_BAM	0.17330289241533336	0.7540456221708007	0.4439500960415348	0.5840491620751715	0.9844273957306984	0.26876600285842916	-0.24647585211488215	0.8000979961855652	2.5617004416612685	5.680386414852467	-1.4222258421641591	0.9505324508539137	2 vs 2	2.6108364728634172	0.8866748954258842		0.983327443167685	0.99337096320816	0.930387281991748	0.816713941210017	not available	no baseline genotype association
CURATED_MENINGEAL_IMMUNE_TRAFFICKING	10	blood_endothelial	-0.10369014312726321	0.8718302420248246	0.7584037921291609	0.3758301450276155	0.6403831025977649	0.5286319924888555	0.6466843344445603	0.561393976610918	-7.314135840263432	-6.175930356386876	-6.23670018133602	1.4009478501987545	2 vs 2	3.5893495538475326	0.4116745006969349	0.1858085385138737	0.983327443167685	0.99337096320816	0.930387281991748	0.816713941210017	not available	no baseline genotype association
CURATED_ECM_REMODELING	17	fibroblast_stromal	-0.06159103888049827	0.9249119073442452	0.06602678859637552	0.9453760901781534	-0.8871442379171977	0.3009395840513376	1.02278207804814	0.3505983679240907	-1.072019400817117	14.403787532119326	-16.606020886132285	-0.13245125959668097	2 vs 2	4.417056551626956	0.3063041475536396	0.7013485627966184	0.983327443167685	0.99337096320816	0.930387281991748	0.816713941210017	not available	no baseline genotype association
CURATED_INFLAMMATORY_FIBROBLAST	10	fibroblast_stromal	-0.03681368308629718	0.9552233731743909	0.13681265790398334	0.8873210194744989	-0.13389333604153975	0.9065588779186293	0.8148434456483271	0.4710900432831001	-3.7163534434539605	3.6370535305492875	-22.134254911093883	0.4445629087811599	2 vs 2	5.087450076806399	0.17537803367205823	0.8066303354305204	0.983327443167685	0.99337096320816	0.974692423091431	0.816713941210017	not available	no baseline genotype association
CURATED_T_CELL_CYTOTOXICITY	7	T_cell	-0.024079979627021797	0.9698029525655356	0.07461424985437479	0.9366745589949711	0.45985896562276585	0.6731202117505763	-1.1082919682990418	0.2993583743766494	-3.098601037462881	-19.09714928108687	46.02545290592153	0.6032156419774672	2 vs 2	6.701025149305922	0.4764575976444547		0.983327443167685	0.99337096320816	0.930387281991748	0.816713941210017	not available	no baseline genotype association
TECHNICAL_CYTOSOLIC_RIBOSOME	28	technical	1.5308380348842565	0.0026036143550309896	0.8124416182390315	0.08123229444838874	0.674257748794899	0.19911256708871958	0.09659226841623098	0.6614780038597503	0.5307169012824132	0.4404500890558799	0.06309764077917891	0.8530345723120891	2 vs 2	1.1306803235244156			0.983327443167685	0.99337096320816	0.930387281991748	0.816713941210017	not available	technical sentinel (negative control)
TECHNICAL_MITO_ENCODED	13	technical	1.4952669531730718	0.004443605623901144	0.8917341514057765	0.1109210613209372	0.6585818963738508	0.2821472970038948	-0.0989702562331074	0.42756867131337467	0.5963712028233138	0.4404443601032506	-0.06618902131360883	0.7493487709817119	2 vs 2	1.1170568534699985			0.983327443167685	0.99337096320816	0.930387281991748	0.816713941210017	not available	technical sentinel (negative control)
MSIGDB_HALLMARK_OXIDATIVE_PHOSPHORYLATION	194	technical	1.4283964539761547	0.007967058551602834	0.40701398122610805	0.26263690222444885	0.17603171534984358	0.637336713959983	-0.033964201151476914	0.9332747405904639	0.28494468751523705	0.12323729512197613	-0.023777853170198295	0.23473250504609955	2 vs 2	1.1052850818636408			0.983327443167685	0.99337096320816	0.930387281991748	0.816713941210017	not available	technical sentinel (negative control)
