set	n_genes	Direction	mean_t	PValue	FDR
CURATED_FIBROBLAST_ACTIVATION	11	Up	1.22693376653981	0.105240385428316	0.816713941210017
CURATED_B_PLASMA	11	Down	-0.9032480485837	0.117730409364524	0.816713941210017
CURATED_LIPID_HANDLING	11	Up	0.594259948842351	0.130556981394414	0.816713941210017
CURATED_DAM_KerenShaul2017	22	Up	0.592111962473234	0.182026624576991	0.816713941210017
CURATED_T_CELL_CYTOTOXICITY	7	Down	-0.813854744376302	0.184672280149617	0.816713941210017
CURATED_T_CELL_ACTIVATION	7	Up	0.642729924116771	0.187889040016077	0.816713941210017
CURATED_INNATE_IMMUNE_ACTIVATION	9	Up	0.705875604627832	0.218758398480914	0.816713941210017
CURATED_ECM_REMODELING	17	Up	1.0334598575115	0.23991645631692	0.816713941210017
MSIGDB_HALLMARK_TNFA_SIGNALING_VIA_NFKB	177	Up	0.459233278718451	0.248175538917727	0.816713941210017
TECHNICAL_CYTOSOLIC_RIBOSOME	28	Up	1.07297985297616	0.284789903176667	0.816713941210017
MSIGDB_HALLMARK_COMPLEMENT	169	Up	0.227640528163358	0.304182600689841	0.816713941210017
MSIGDB_HALLMARK_TGF_BETA_SIGNALING	53	Up	0.317502703134011	0.334812717836186	0.816713941210017
CURATED_PHAGOCYTOSIS_LYSOSOME	13	Up	0.593419607078803	0.34404609288039	0.816713941210017
MSIGDB_HALLMARK_REACTIVE_OXYGEN_SPECIES_PATHWAY	46	Up	0.288351362030828	0.390975106252871	0.816713941210017
CURATED_MENINGEAL_IMMUNE_TRAFFICKING	10	Up	0.410154970626867	0.416667726800243	0.816713941210017
MSIGDB_HALLMARK_EPITHELIAL_MESENCHYMAL_TRANSITION	189	Up	0.342840138097098	0.455232795560627	0.816713941210017
MSIGDB_HALLMARK_INFLAMMATORY_RESPONSE	172	Up	0.196611136069097	0.49582457897582	0.816713941210017
MSIGDB_HALLMARK_IL6_JAK_STAT3_SIGNALING	75	Up	0.239984823655943	0.505179727183989	0.816713941210017
TECHNICAL_MITO_ENCODED	13	Up	0.529988907006457	0.530450551528089	0.816713941210017
CURATED_INFLAMMATORY_FIBROBLAST	10	Up	0.354676517445682	0.548199356478962	0.816713941210017
CURATED_MONOCYTE_RECRUITMENT	10	Down	-0.365449342897198	0.577908391578273	0.816713941210017
MSIGDB_HALLMARK_OXIDATIVE_PHOSPHORYLATION	194	Up	0.298571703953795	0.62198900641769	0.816713941210017
CURATED_COMPLEMENT_CLASSICAL	14	Up	0.349539812637497	0.62215917201998	0.816713941210017
MSIGDB_HALLMARK_COAGULATION	108	Up	0.167167228608881	0.629117543559567	0.816713941210017
CURATED_CHEMOKINES	14	Down	-0.340567414865687	0.633844603414338	0.816713941210017
MSIGDB_HALLMARK_HYPOXIA	179	Up	0.118128518237442	0.653734398815157	0.816713941210017
CURATED_MHCII_ANTIGEN_PRESENTATION	10	Down	-0.350533452341747	0.660573950263792	0.816713941210017
CURATED_ANGIOGENESIS_ENDOTHELIAL	11	Down	-0.237995073791717	0.664904948520112	0.816713941210017
CURATED_BAM_PROGRAM	11	Down	-0.235595261658496	0.669635433178488	0.816713941210017
MSIGDB_HALLMARK_CHOLESTEROL_HOMEOSTASIS	66	Up	0.158650049353402	0.680927982051118	0.816713941210017
MSIGDB_HALLMARK_INTERFERON_GAMMA_RESPONSE	177	Up	0.168622398980745	0.703733095955938	0.816713941210017
MSIGDB_HALLMARK_ALLOGRAFT_REJECTION	161	Up	0.136161268570577	0.712220768183889	0.816713941210017
MSIGDB_HALLMARK_ANGIOGENESIS	33	Up	0.143115098284645	0.728463385650448	0.816713941210017
MSIGDB_HALLMARK_APOPTOSIS	147	Up	0.0806341772125987	0.732833865442486	0.816713941210017
CURATED_TYPE_I_IFN_ISG	17	Down	-0.274936078196241	0.7522365247987	0.816713941210017
CURATED_LYMPHATIC_ENDOTHELIAL	10	Up	0.0839174079845255	0.874514768881592	0.923098922708347
CURATED_VASCULAR_INFLAMMATION_ADHESION	9	Up	0.0368453736405949	0.961181168340952	0.975299867891835
MSIGDB_HALLMARK_INTERFERON_ALPHA_RESPONSE	86	Down	-0.00298566728454124	0.975299867891835	0.975299867891835
