	CURATED_ANGIOGENESIS_ENDOTHELIAL	CURATED_BAM_PROGRAM	CURATED_B_PLASMA	CURATED_CHEMOKINES	CURATED_COMPLEMENT_CLASSICAL	CURATED_DAM_KerenShaul2017	CURATED_ECM_REMODELING	CURATED_FIBROBLAST_ACTIVATION	CURATED_INFLAMMATORY_FIBROBLAST	CURATED_INNATE_IMMUNE_ACTIVATION	CURATED_LIPID_HANDLING	CURATED_LYMPHATIC_ENDOTHELIAL	CURATED_MENINGEAL_IMMUNE_TRAFFICKING	CURATED_MHCII_ANTIGEN_PRESENTATION	CURATED_MONOCYTE_RECRUITMENT	CURATED_PHAGOCYTOSIS_LYSOSOME	CURATED_TYPE_I_IFN_ISG	CURATED_T_CELL_ACTIVATION	CURATED_T_CELL_CYTOTOXICITY	CURATED_VASCULAR_INFLAMMATION_ADHESION	MSIGDB_HALLMARK_ALLOGRAFT_REJECTION	MSIGDB_HALLMARK_ANGIOGENESIS	MSIGDB_HALLMARK_APOPTOSIS	MSIGDB_HALLMARK_CHOLESTEROL_HOMEOSTASIS	MSIGDB_HALLMARK_COAGULATION	MSIGDB_HALLMARK_COMPLEMENT	MSIGDB_HALLMARK_EPITHELIAL_MESENCHYMAL_TRANSITION	MSIGDB_HALLMARK_HYPOXIA	MSIGDB_HALLMARK_IL6_JAK_STAT3_SIGNALING	MSIGDB_HALLMARK_INFLAMMATORY_RESPONSE	MSIGDB_HALLMARK_INTERFERON_ALPHA_RESPONSE	MSIGDB_HALLMARK_INTERFERON_GAMMA_RESPONSE	MSIGDB_HALLMARK_OXIDATIVE_PHOSPHORYLATION	MSIGDB_HALLMARK_REACTIVE_OXYGEN_SPECIES_PATHWAY	MSIGDB_HALLMARK_TGF_BETA_SIGNALING	MSIGDB_HALLMARK_TNFA_SIGNALING_VIA_NFKB	TECHNICAL_CYTOSOLIC_RIBOSOME	TECHNICAL_MITO_ENCODED
VT3YXB_1	-1.31619263438909	-1.2434755597043994	-0.08896481673882779	-0.24923004370504756	-1.534866152063163	-0.9153051099833006	-1.5860427373956345	-1.236075476042002	-0.5654603189948636	-1.021572862579171	-0.17963650638778297	-1.3801293775890486	-0.952977910626123	-0.946617946022473	-0.4623739046838013	-1.614634503090667	-0.44574659083521084	-1.075288623483779	-0.43741969845117623	-1.7376086700670355	-0.5094235344028427	-0.7570827935030278	-0.41348073077328684	-0.074986930445101	-0.6698720100277306	-0.41390888193505954	-1.1316821211249022	-0.5187682402038682	-0.703557888502166	-0.4497431534106088	-0.6268447536703414	-0.6103304187285843	0.3580763719917783	0.4445844061697656	-0.44088756616569735	-0.725521198859581	0.325747522961836	0.706139030952094
VT3YXB_2	-0.19957540296651952	0.21505335076677942	0.09305419071696974	0.5430452593599014	0.5343072782384221	0.00024279620008180937	0.028885665425122765	-0.40398915309984285	0.39611801335157737	0.21821022226580633	0.09350861446670233	-0.053572857251510994	-0.36061352169026567	0.5903751068833492	0.22745588419364152	0.18652583471294587	1.0607830497848691	-0.1534594458910954	0.2715726173474266	0.1682852723612657	0.16482167603697298	-0.0688570126138641	-0.07711474393597408	0.03664407320650977	0.16257706483202053	0.042467280176643155	-0.035404227497916566	-0.1873881202372683	0.06187198495640589	0.0027192972501602986	0.4090505574152983	0.19214356800499355	-0.014155589290778635	-0.10661222953372644	-0.18859028268399955	-0.296894897601379	0.3917181390607313	0.47350930479299785
VT3YXB_3	-0.6038986391712158	0.1245828389815589	-0.0509647829883124	-0.0134831396954579	-0.4139445471401438	-0.5407008953725084	-0.6446639517251783	-0.6467926366231009	-0.3979948452135075	-0.506018270431284	-0.3565993779748282	-0.4717924228116154	0.13134643899037515	-0.5130576250401454	0.08407396461406869	-0.31589449471513353	1.0684134650041244	-0.5188884226636549	0.01219189477847927	-0.41946441525185396	-0.29946357505816945	-0.38632582303322044	-0.238512275448309	0.2631400380565408	-0.17913158045942784	-0.20851263690927843	-0.46542946940130775	-0.1891807692375192	-0.32205147050513255	-0.2413053398082515	0.2445778021807595	-0.06796971407461355	0.32986586493038805	0.2979888688018902	-0.688837830599274	-0.5278002129956003	0.4102204010951774	0.33771514481335696
VT3YXB_4	-0.33263011858287156	-0.09884451125164664	-0.05767189618311235	0.1784180683692194	-0.15160165041494947	0.15845790912437877	-0.6896876777219517	-0.5564033264872165	-0.3017449730109941	-0.35513637642656604	0.3465097668550338	-0.24462321847199026	-0.10179094986211445	0.17252335477183708	0.24052322006801624	-0.19041055523150519	0.5759546923318314	-0.3194269290632295	-0.03581130083279204	-0.38954994311809127	-0.017783306382878717	-0.2884433207669566	-0.14475147411295758	-0.20592139312291027	-0.32141128262614804	-0.15536999545082134	-0.3934586437265181	-0.14439709111144422	-0.19418963705121287	-0.17847530303862294	0.15931485174424007	0.03322928430679901	0.641195971629309	-0.04989539339215697	-0.42353488912416803	-0.3811581768890365	0.30511686053236076	0.6074637895088074
VT3YXB_5	-0.46933595037228315	0.5145880652885156	-0.39934482547892575	0.626703442160361	-0.019228591833794658	-0.09600741634066878	-0.9518615630056843	-0.055864929126570304	0.9235510772032958	0.6196408990185105	-0.18764051303185084	0.2501845139118607	0.47316158775571093	-0.3978118127909443	0.9774798803943463	-0.07591052208980371	0.6854694782681908	0.6145474360592751	0.6684004159928582	0.345533099735708	0.21958183295164127	-0.23183291596158245	0.08480587284809288	-0.2119818838965081	-0.06284581929503387	0.07493970547506337	-0.32545537680921643	0.027367828032810525	0.07627092542669574	0.23060025394574904	0.2395234489652349	0.19130451025964476	0.33224917092600426	0.10420544375646419	-0.13545512277223595	0.2731197022370447	0.7696613902565669	0.38821663991839617
VT3YXB_6	0.16352446505098242	0.18946756732923634	-0.46565455075904383	-0.2874310739251226	0.0022191350250842967	0.10863788798809777	0.5388069952333259	0.6942796960055052	-0.10775133536143985	0.4059244744954993	-0.16832872336158186	-0.0806282189602344	0.08629161670171306	0.24935788247302412	-0.18894458134866415	0.5133611254264778	0.3860770795665595	0.5029199250686553	-0.8743168942684879	0.26480139330845376	-0.07851174229162167	0.02044668312510367	0.18049140555978027	-0.012077685462265363	0.06994408789089859	0.03934632101100634	0.23964063764815835	0.11846993100966596	0.18611136307552875	0.05572603269357958	0.11433788515195392	0.09641889560237284	0.32318493061510145	-0.02860336701232661	0.21898081282217294	0.1714739977007042	0.5530782637729982	0.2051695354434309
VT3YXB_7	-0.31653415146285546	-0.010677396461521736	0.7210146025146996	0.3367626509073903	-0.3354205399062514	-0.135051886310844	-0.19906215750760586	-0.1212744702856531	-0.4121497814073744	-0.5289118397745212	-0.5508508109337407	-0.3048920775895124	-0.17331358484358278	-0.21439596964060698	0.15528084198911235	-0.22166690778979198	-0.26249735989981027	-0.6788723233725895	0.6047997952518614	-0.4641407383274563	-0.13975926159585747	-0.10156625984292396	-0.03158597488650344	0.25786137200908227	-0.12636004957887229	-0.13115182143575438	-0.11483081404752421	-0.15759336930676435	-0.4111809856972598	-0.27513707838539897	-0.3391698689395955	-0.3431017193094759	0.5220179215833546	0.063141408720655	-0.41620565585815394	-0.44734068959540557	0.9032784292012276	0.8099246592548949
VT3YXB_8	0.7278635409711932	0.06192202367762714	0.0010323441977740226	-0.062049321370119405	0.1380884965250331	-0.22335976514476677	0.43240239339121134	-0.20260134457947576	-0.21056062538507553	-0.21520108271866986	-0.4811587552002001	0.36326807507617415	0.060402250582690595	0.2528241315640806	-0.12213609590933613	-0.14358070841126566	0.1618859570544977	0.23832276318069873	0.3294170126606461	-0.09796738539751895	0.034746778085001366	0.22079308307059164	-0.05246507729908322	-0.5705166182244228	-0.1471475282861182	-0.20672433169687182	0.33336147738928634	-0.004417934837880399	0.16509848577674183	-0.07653449404906562	0.21319255705718748	0.12311134990681853	-1.2745888982353133	-0.4841967221685329	0.20750721636145192	0.12547142597103209	-1.8041996794011332	-1.761283676899088
VT3YXB_9	0.44611917245540267	0.037985796147141586	-0.16131692101096873	0.17641032530589187	0.41170200873827645	-0.04489182353553	0.5781852084776752	-0.0009476452205482231	0.5084935125727551	0.3682804756232336	-0.27790800115093567	0.1473522725889563	0.036888309066835934	0.6861774749322834	-0.1061767497924786	0.2471135396196396	-0.14107174866380517	0.13908878398631025	-0.4438777015510116	1.530510977596872	0.15167909358264234	0.40943029004709863	0.22848363101061517	0.09175224179113146	0.19175871006990608	0.17275906512596645	0.46918906913460995	0.40962508309389745	0.6821151310348784	0.3858298899584767	0.0463531351870158	0.20543762918941666	-0.8356854480479831	-0.05402681109543987	0.5431121771631666	0.7253613076178728	-1.4030650771187398	-1.4525051012997245
VT3YXB_10	0.8532037965822408	0.18865127038112295	0.7958938273847678	-0.14699454374811563	0.6801736780354309	0.12365568001031009	0.5558357711952464	-0.015962121127527183	0.4286833231274638	0.30438508157422806	0.005090148194977531	0.7557444405267715	0.6193760058924611	0.4449660021988838	0.5161005780126222	0.28896583500280404	-0.992359845739702	0.7253134780881147	0.15251792454685534	0.21089977189255935	0.3734306688342764	0.4825038711328388	0.1558113557125541	-0.03989776584744849	0.26710684011411495	0.2122040862428187	0.3538956519848272	0.15388332430695548	0.5123286688215689	0.3181895153481753	0.05031981365695371	0.17254365962759807	-0.9620241662611994	-0.10039335413467512	0.3035633942789732	0.3435206979170233	-1.4475709638149208	-1.6571573547924006
VT3YXB_11	1.0806410752178748	0.05970153299346805	0.022679827855150367	-0.6179073678018723	-0.20850710040138173	-0.29480485914954524	-0.09220732703072808	-0.27884955088212715	-0.4776326153582059	0.06849978526192907	0.24319007260854092	0.4045200941893567	-0.08777117767996918	0.2974706565535138	-0.18737309947112119	-0.15388420928878482	0.28510306021972465	0.3427636203463781	-0.23336485500090923	0.6817035826032357	0.03858599844624665	0.3137210537757921	0.13163959048957558	-0.33606068812451445	0.12651336906893138	-0.018081877541381682	0.18198591505307793	0.18793786495820133	0.25451032437118276	0.1821845906574201	0.39913308580452883	0.2890485177215114	-0.9071678931500557	-0.3844199575900483	0.5045934117728891	0.37748445710240136	-1.3567761013020012	-0.7975143364607578
VT3YXB_12	1.0799862560190372	0.2869304879420866	-0.2194053669773327	-0.44617775667819215	0.6611663336908473	0.2610422759201921	0.4829353257795527	-0.22755965764937294	0.23546121776479997	0.006442917864081854	0.5662967174335187	0.399861141571189	0.007661222803902357	0.615923311509402	-0.2549735231413961	0.46562636567083915	-0.19818191130284302	0.01855488724661845	-0.17627791738892537	1.1765483840737452	0.020137941008154473	0.1298728343693294	0.043093921825243825	-0.2147206035652447	0.588494477345432	0.15199717076128483	0.2929848430830961	0.08646532626727528	0.3593407129081405	0.13006759847971824	0.1688447724415892	0.18088262872366773	-0.8003553231264628	-0.3669520166287089	0.24534392520756304	0.1090989486181596	-1.4110304327019978	-1.3299516989268363
VT3YXB_13	0.2567440482177695	0.4184068155444532	0.4689575196594003	1.337093079555867	0.8178781330533307	0.6172859838280584	0.3829731088886236	0.9236049864423354	0.7313142390937493	0.673886250487446	0.14051804552520633	0.18604037776593413	0.7769775800053784	0.6446054861084702	0.9959545649988361	0.3866990183496112	0.9390804198175254	0.31109273731394893	0.8595073673780161	-0.44057450466915515	0.5067884905054446	0.39964679887509397	0.023570848086935763	-0.23418255340733873	0.07345909401169529	0.1572779262679388	0.2682703981993505	-0.2005411452108701	0.055005309712175786	0.3021772083848973	0.6048497424497004	0.6365100118149851	-0.23856854161559218	-0.1834157017193217	0.09078892286840105	0.11196038530602824	0.6360193242398734	0.5670167184338157
VT3YXB_14	-0.02691449233449992	-0.6292952454974944	0.4944821542293624	-0.5526569167260902	-0.37819004048724353	0.22471581138724173	0.9034270469803896	0.6763713120807222	-0.41741696453351407	-0.5091254961639977	0.07261739457324476	-0.4002194601262815	0.035048646385662886	-0.5340469657490156	-0.7334325958861423	0.08528014265208718	-0.5639231524860177	0.07980468545753558	-0.35310683011789085	-0.13293135722553817	-0.07106824023170834	0.10215949504862328	0.018892555570835617	-0.0040912522642629805	0.06393365556048203	0.025117636237295578	0.21874977565219147	-0.06013373736790194	-0.12844578879503638	-0.16206694837100846	-0.2368285913040331	-0.17264474427655319	0.15565900043847733	-0.08418895037553752	0.11975120049062243	-0.03145052891686591	0.46468822615001687	0.42860754343305096
VT3YXB_15	-0.31140193624992096	0.005364424720198723	0.5271937243336197	0.4958874690543192	0.2098444637068215	0.10810476067392596	-0.15554254936148942	-0.20757290442732923	-0.2674259368179845	0.2576509892948611	0.28372325991365227	-0.13934624329914805	-0.004103914262784419	0.4739239831101553	0.4726669641633038	0.01475908558456193	-0.12636229799767001	-0.34376974696054713	-0.1053429663904639	-0.1868277713815751	0.10092827555266298	-0.0970661829703328	0.0003306122947133988	0.2118914199613766	0.015988725585650225	0.006802133845483526	-0.10650759541045225	-0.179055432003752	-0.1114072063001471	-0.03959052866571288	0.006122074478546092	-0.014701211207006681	0.28343104141460845	0.13439661955451943	-0.1640789846452681	-0.1605396941127003	0.7742398503520176	0.40388978208991994
VT3YXB_16	-0.21422317846526065	0.05708302050717409	-0.9479002265113	-0.040478033575252606	-0.1822405416321395	-0.09868191399835213	-0.7169348198453659	-0.21532630585909576	-0.33160004347690425	-0.07586063890945399	0.19429708883752764	0.7010468647282855	-0.35208280504034895	-0.20735641731057206	-0.25336875610624215	-0.10845988294815934	-0.45203750657868674	-0.39863872850249216	0.07372296743028943	-0.03177535299309987	-0.18741128185890937	-0.30641555571046314	-0.13214219642089592	0.2364154828290954	-0.20361702657747885	-0.05040580290855427	-0.2894387137490686	0.01798235611915191	-0.30885943227188667	-0.10858711756314333	-0.43173182132836935	-0.34901382660984087	0.4139957722207226	0.3149172382835074	-0.05759235504067709	-0.17634809477182234	0.4582028038312469	0.3895009983563397
VT3YXB_17	-0.24993534863717778	0.299910771892648	-0.2194442272728826	0.21152563014615236	-0.03441590784966803	0.14075243914357072	-0.22841950052368062	0.4157575737054323	0.049775248245291503	-0.10334097619462755	0.026555556980033687	0.36570148320205215	0.02110388538906367	-0.0612715443642405	-0.16615111272567804	0.14836707314990355	-0.06142152084455906	0.08202970898661423	0.5379170225390036	-0.5121608815899025	-0.15507785667753018	-0.13470358767861587	-0.12383665987455961	0.11390785760430598	-0.15111151299992984	-0.030451789546457927	0.006206816061032461	0.17427639670249997	-0.3330045740116351	-0.06210994037226564	-0.14621800199801338	-0.13069898006408082	0.7302137303972819	0.033013045942753956	-0.020475638990468097	-0.06827078719449002	0.7218696195071796	1.078420399856103
VT3YXB_18	-0.5674405018827999	-0.47735525325695516	-0.513640576971051	-1.489437727633847	-0.19696445528452802	0.6059081255596399	1.3609707687461723	1.4592059531758368	0.21634080820092877	0.3922464473126712	0.229816022652465	-0.49851538746123236	-0.21560367956860094	-1.5535891091869694	-1.1946054793690664	0.48774376339620207	-1.9191652676990023	0.43390619420327464	-0.8505288539237801	0.03471853844937753	-0.15220195650351012	0.2937193426365197	0.3467693393532336	0.6928248889019732	0.3017207853716139	0.33169581228068684	0.4979223775612794	0.46546772902680317	0.16004407705116538	-0.01394448305409485	-0.87482668929266	-0.432169440887652	0.9426560835803591	0.4504574724208862	0.3020172649146921	0.5778333584666187	0.7088014233775721	0.6028386215255909
