	sample	animal	genotype	sex	treatment	group	id_series	age	batch	dissection	total_reads	pct_unique	pct_multi	assigned_counts	genes_detected	pct_mito	pct_hemoglobin	sex_check	sex_ok	tech_profile	size_factor	Tx_PC1	Tx_PC2	Tx_PC3	Tx_PC4	Tx_PC5	Composition_PC1	Composition_PC2	Composition_PC3
VT3YXB_1	0453_5xFAD_M_SPP1	453	5xFAD	M	SPP1	5xFAD_SPP1	04xx				19778977	82.2190298315226	16.1255913286112	11165938	22678	10.1706368063301	1.8199187564896	M	True	B_high_multimap	1.24762807776249	-53.2405525946885	27.9935609109661	5.82991634836474	-0.880877368149884	-1.89275378166289	-3.6856039829901364	-1.8513924660650398	-4.034906335551718
VT3YXB_2	612_5xFAD_M_SPP1	612	5xFAD	M	SPP1	5xFAD_SPP1	6xx				19927560	81.4597371680226	16.3015642657706	8748763	21371	10.1902406088724	3.98630069188067	M	True	B_high_multimap	1.02650454055874	-5.39325653818492	3.54595120646412	4.90534154742715	-2.82610284498835	-2.90405532059252	-0.1368958130780953	1.8762704884079857	0.3145583625838201
VT3YXB_3	613_5xFAD_M_SPP1	613	5xFAD	M	SPP1	5xFAD_SPP1	6xx				13482914	80.3891057971593	16.2948677118314	6062984	19573	9.31503365339575	4.06903597304562	M	True	B_high_multimap	0.711221930658411	-29.2211903070096	15.5421159794485	5.0186555823575	-0.703742717572415	7.44892435835994	-2.5226344426607836	1.273547520949084	-1.238308959393022
VT3YXB_4	621_5xFAD_F_SPP1	621	5xFAD	F	SPP1	5xFAD_SPP1	6xx				19410684	81.4453679221196	16.6393878752547	10061958	21139	10.5864484824922	2.00796902551173	F	True	B_high_multimap	1.1871075900639	-17.0595580105397	-7.95265190955314	-20.2961622215733	1.94851753681187	5.9669264472685	-1.894245731993047	0.4870454195672524	0.04648543697081395
VT3YXB_5	0463_5xFAD_F_SPP1	463	5xFAD	F	SPP1	5xFAD_SPP1	04xx				19011330	81.1313674529872	17.1972292312006	10430337	20863	9.73052932038533	4.26904710749039	F	True	B_high_multimap	1.18112719516933	3.59853787482211	-23.020652213249	3.80641469540235	2.82451930284676	14.0359009533285	-0.7865969019917856	2.8306039839027006	1.4006872479674934
VT3YXB_6	0455_5xFAD_F_SPP1	455	5xFAD	F	SPP1	5xFAD_SPP1	04xx				20438438	77.6343916301236	18.3533399176591	9919508	20147	7.89476655495414	9.37086799063018	F	True	B_high_multimap	1.06362295323412	13.1218719040299	-12.794519745371	12.1580067898347	6.41288473384446	-4.75419174138296	-0.14053215993788057	-1.5253959644350377	3.273673984644546
VT3YXB_7	616_WT_M_NTC	616	WT	M	NTC	WT_NTC	6xx				14962312	77.8471535682453	19.7031314411837	7005596	19129	10.6278323785728	7.25074640330387	M	True	B_high_multimap	0.720459863044616	-7.27422980334854	-12.4589820796235	3.91947803081492	-5.41999586542737	2.46537114615747	-0.6300010718322299	1.7794800191372606	-0.11022533790337513
VT3YXB_8	611_WT_M_NTC	611	WT	M	NTC	WT_NTC	6xx				18319509	88.0803956044892	9.47427684879546	8126967	20728	4.684281356132	1.39343496780533	M	True	A_low_multimap	1.22941223872293	25.7552940843575	20.4112685187169	-5.63885361051065	-10.8614533109726	-3.93986006629963	2.8317110757154835	-0.9593417443420117	-1.5419631597458483
VT3YXB_9	626_WT_M_NTC	626	WT	M	NTC	WT_NTC	6xx				19384667	87.2120630186735	10.3969802524851	8689841	20894	5.05020747790437	1.69478359845709	M	True	A_low_multimap	1.24691606381647	16.7225176816467	14.5762986069134	-14.3968014854546	-2.56972477337626	2.82791733692486	1.366065088247535	-1.6689651676574444	-0.6493609907099317
VT3YXB_10	624_WT_F_NTC	624	WT	F	NTC	WT_NTC	6xx				18895463	87.696443320812	10.1669855880218	10010957	20817	4.76358054479707	1.37817992825261	F	True	A_low_multimap	1.43725298937796	27.021606836004	11.8257200506449	-0.194337543925202	2.44586294563882	10.7039692186802	1.9137163523347478	0.3483737359248057	-0.9677096375009764
VT3YXB_11	623_WT_F_NTC	623	WT	F	NTC	WT_NTC	6xx				15978319	83.3235398542237	14.3330784671404	7236335	19760	6.02458288622625	12.1466875151579	F	True	B_high_multimap	0.901179658159537	33.0592079196879	11.1221998672672	8.21610500489793	6.11545232167207	5.02427712543402	3.8266545483904033	-1.1655461001239176	-0.6886970235886758
VT3YXB_12	0466_WT_F_NTC	466	WT	F	NTC	WT_NTC	04xx				17222098	87.6627400447959	9.93793555233515	7430729	21164	5.31299149787322	1.8672461342622	F	True	A_low_multimap	1.0729965364685	19.8580942244562	21.0890023217531	-6.06615073863965	8.04084542712742	-10.9840673080452	3.0344147778445687	-1.3884133127348965	-0.6161665448416508
VT3YXB_13	617_5xFAD_M_NTC	617	5xFAD	M	NTC	5xFAD_NTC	6xx				12387884	80.0826275092663	17.0402305995116	5676336	18336	10.2211356057851	2.61926002970931	M	True	B_high_multimap	0.630583099274693	9.00252512683604	-19.5683030846557	7.90351974617638	-18.246413333945	-3.83810269607377	1.2015974817505408	3.776389350871309	0.5691281201853235
VT3YXB_14	0452_5xFAD_M_NTC	452	5xFAD	M	NTC	5xFAD_NTC	04xx				20002028	79.3809357731126	18.7433794213267	9518852	20345	9.79329230037404	7.48737347738992	M	True	B_high_multimap	1.03375369817591	4.60305569029738	-12.1706858872882	3.48304690765179	-7.36128442785157	-6.88949400639452	0.47247334069968333	-1.2946245286306466	1.3491779800837413
VT3YXB_15	0451_5xFAD_M_NTC	451	5xFAD	M	NTC	5xFAD_NTC	04xx				17969326	80.956993044703	16.5722910252727	7949514	20149	10.0505137798361	3.15353869431515	M	True	B_high_multimap	0.899186533722974	-15.9962043100472	0.0774486096900149	1.09173988834943	-5.69713872146355	-1.81624451865429	0.18349311828616352	1.8606880746761858	-0.35843238669782573
VT3YXB_16	629_5xFAD_F_NTC	629	5xFAD	F	NTC	5xFAD_NTC	6xx				19689722	82.1202909822698	15.8910268006831	10968478	20850	9.74787933202765	1.1159615764375	F	True	B_high_multimap	1.30850125754678	-7.28855566917213	-0.978519355214603	9.74399566351266	7.83128155820281	1.16475964567958	-1.7611131047698099	-0.5173461528447101	-0.5887659500701073
VT3YXB_17	0469_5xFAD_F_NTC	469	5xFAD	F	NTC	5xFAD_NTC	04xx				11986680	79.1941638552126	17.552583367538	5578623	18329	11.7874966636032	1.73926433100068	F	True	B_high_multimap	0.60504018178816	-11.3130670352153	-21.8631410910838	-22.0006396931227	2.1436109913442	-3.79745872989491	-0.9476445166775815	-0.32735949905496003	1.3622299826045075
VT3YXB_18	620_5xFAD_F_NTC	620	5xFAD	F	NTC	5xFAD_NTC	6xx				20565582	81.851240582445	16.6186009226483	11675100	20392	9.88324725270019	2.30768901337033	F	True	B_high_multimap	1.2040706143293	-5.95609707393162	-15.3761107058253	2.5167250884365	16.8037585462586	-8.82181806283242	-2.3248580573377766	-3.5340136575479195	2.47859521096289
