signature	gene	median_CPM	item_rest_r
fibroblast_stromal	Pdgfra	80.01	0.4794516184007916
fibroblast_stromal	Dcn	1820.68	0.06761923495013211
fibroblast_stromal	Fbln1	266.18	0.8205411420477502
fibroblast_stromal	Mfap4	235.29	0.6273799053861278
fibroblast_stromal	Igfbp6	74.21	0.35551487595950365
fibroblast_stromal	Slc47a1	225.7	0.8619633766381002
fibroblast_stromal	Col14a1	84.03	0.7365785478483636
fibroblast_stromal	Smoc2	178.54	0.7224931810131573
blood_endothelial	Pecam1	67.44	0.814047076562454
blood_endothelial	Cdh5	81.85	0.9030747771249735
blood_endothelial	Cldn5	19.92	-0.026616127992391676
blood_endothelial	Flt1	72.55	0.8744660877811796
blood_endothelial	Kdr	34.23	0.9231469817964048
blood_endothelial	Emcn	82.56	-0.04588541063225032
blood_endothelial	Tek	22.82	0.8287440044706966
blood_endothelial	Esam	41.49	0.9126888135386225
lymphatic_endothelial	Prox1	2.46	0.3361463938023163
lymphatic_endothelial	Flt4	5.75	-0.08994340360970267
lymphatic_endothelial	Ccl21a	19.92	0.08303220627604373
lymphatic_endothelial	Mmrn1	17.21	0.5598830893047141
lymphatic_endothelial	Reln	12.11	0.3313943848419369
mural_pericyte_SMC	Myh11	19.69	0.35912422846046677
mural_pericyte_SMC	Cnn1	4.96	0.2280432009963524
mural_pericyte_SMC	Rgs5	186.1	-0.5694496079427268
mural_pericyte_SMC	Kcnj8	8.26	0.09485784694549522
mural_pericyte_SMC	Abcc9	15.88	0.19641743152314126
mural_pericyte_SMC	Acta2	213.63	0.06828529338168421
mural_pericyte_SMC	Tagln	67.67	-0.1290711351518039
macrophage_BAM	Mrc1	117.67	0.5203718668769811
macrophage_BAM	Cd163	13.57	0.40497568685031476
macrophage_BAM	F13a1	50.94	0.5104442202983033
macrophage_BAM	Pf4	149.16	0.49931550587527834
macrophage_BAM	C1qa	100.19	-0.26536322799621503
macrophage_BAM	C1qb	140.08	0.6709303581982108
macrophage_BAM	Adgre1	54.67	0.6124688213173183
macrophage_BAM	Ms4a7	43.3	0.4188009909357149
monocyte	Ly6c2	43.89	0.7586295889868113
monocyte	Ccr2	32.74	0.47577488667119605
monocyte	Plac8	31.14	0.6971125931164632
monocyte	Ms4a4c	9.92	0.587941780255042
dendritic_cell	Flt3	3.24	0.5437894621612808
dendritic_cell	Xcr1	2.65	0.43036182771067344
dendritic_cell	Clec9a	2.1	0.7779038230229955
dendritic_cell	Cd209a	21.23	0.4311265311544593
dendritic_cell	Itgax	2.05	0.3033160410003211
dendritic_cell	Siglech	9.35	0.3974099433055562
T_cell	Cd3g	6.37	-0.03375188501937017
T_cell	Cd3d	3.23	-0.009189641918776734
T_cell	Cd5	1.4	-0.34119120504596184
T_cell	Cd28	2.62	0.2945995544558782
T_cell	Lck	1.91	-0.06267025327525227
B_cell	Cd79a	2.62	0.6518632680770631
B_cell	Cd79b	11.19	0.684646448699293
B_cell	Ms4a1	7.69	0.7928294305941291
B_cell	Cd19	1.55	0.7256784108378852
B_cell	Pax5	1.07	0.844752021570732
B_cell	Fcmr	1.2	0.3964382663949977
plasma_cell	Jchain	166.05	0.6043590971073376
plasma_cell	Mzb1	3.95	0.5001463827905723
plasma_cell	Prdm1	6.19	0.22418577373760795
plasma_cell	Tnfrsf17	4.02	-0.10954001671126434
plasma_cell	Sdc1	18.63	0.0217744308597971
NK_cell	Nkg7	4.34	0.29445059866479045
NK_cell	Klrb1c	1.49	0.5179657993775955
NK_cell	Gzma	1.5	0.4763930768318819
NK_cell	Klrd1	5.6	0.5900403166941652
mast_cell	Cpa3	100.79	0.7187584190448607
mast_cell	Mcpt4	21.11	0.7430059335966364
mast_cell	Cma1	74.97	0.8129533398785728
mast_cell	Tpsb2	44.64	0.4977605406901529
mast_cell	Kit	17.96	-0.14821908896992475
mast_cell	Fcer1a	7.26	0.5904971361957778
neutrophil	S100a8	361.75	0.9758754619114375
neutrophil	S100a9	435.0	0.9835201291806429
neutrophil	Ngp	90.62	0.9824779021269096
neutrophil	Camp	102.88	0.9921653225327477
neutrophil	Ltf	16.69	0.798704030924515
neutrophil	Retnlg	39.18	0.9203994969543082
neutrophil	Chil3	33.51	0.971665851640421
CNS_neural	Snap25	380.01	0.6993387100195622
CNS_neural	Syt1	73.85	0.681500085514551
CNS_neural	Stmn2	25.45	0.8298235599225057
CNS_neural	Plp1	97.93	0.7009061111614794
CNS_neural	Mobp	26.08	0.49088532651627104
CNS_neural	Aqp4	22.03	0.7690554281381266
bone_osteoblast	Bglap	623.6	0.5558467159319876
bone_osteoblast	Bglap2	518.94	0.5678585563238123
bone_osteoblast	Ibsp	145.12	0.5016974465341648
bone_osteoblast	Sp7	48.34	0.12004207841346977
bone_osteoblast	Dmp1	55.56	0.5387651633758055
bone_osteoblast	Sost	2.21	-0.17657110359224604
osteoclast	Ctsk	445.27	0.9891684676402435
osteoclast	Acp5	301.75	0.9881406430332846
osteoclast	Mmp9	165.51	0.938617069581739
osteoclast	Atp6v0d2	31.67	0.9891573819614613
osteoclast	Dcstamp	3.27	0.9637433212900226
osteoclast	Ocstamp	2.09	0.9367715012344401
olfactory_nasal	Omp	52.13	0.9436518063502709
olfactory_nasal	Cyp2g1	44.27	0.9617045840509592
olfactory_nasal	Ugt2a1	24.54	0.9769461357795877
olfactory_nasal	Gnal	27.45	0.9703677904971632
olfactory_nasal	Scgb1c1	65.98	0.9705121976721212
olfactory_nasal	Bpifa1	3.31	0.6098240988628518
choroid_plexus	Ttr	16905.88	0.9567569151596254
choroid_plexus	Kl	87.59	0.9753664202676325
choroid_plexus	Folr1	51.31	0.9664078603697362
choroid_plexus	Kcnj13	78.04	0.9611689200849832
choroid_plexus	Clic6	108.84	0.9186937995140299
erythroid_blood	Hbb-bs	12743.6	0.9711736737417895
erythroid_blood	Hbb-bt	4904.41	0.959906955748378
erythroid_blood	Hba-a1	3602.83	0.9914655235728334
erythroid_blood	Hba-a2	3374.22	0.9917782483099824
erythroid_blood	Alas2	50.53	0.8515838078594267
skeletal_muscle	Acta1	159.8	0.9867211146499314
skeletal_muscle	Ckm	50.11	0.9833340059301549
skeletal_muscle	Myh1	47.23	0.9720286219378783
skeletal_muscle	Tnnt3	86.54	0.9945103608352798
skeletal_muscle	Mylpf	92.7	0.990792435712224
