model	contrast	gene_id	gene_name	baseMean	log2FoldChange	lfcSE	pvalue	padj
baseline	genotype_5xFAD_vs_WT	ENSMUSG00000039239	Tgfb2	418.360063382323	-0.650648425630721	0.125692347491305	2.26067887691162e-07	1.48302051559548e-05
baseline	genotype_5xFAD_vs_WT	ENSMUSG00000025880	Smad7	228.949289027029	-0.645944597748477	0.167641563686544	0.000116617832737174	0.000917040230160501
baseline	genotype_5xFAD_vs_WT	ENSMUSG00000038400	Pmepa1	1265.07104753946	-0.763153946878958	0.202820826723348	0.000168088716361955	0.00122564950248409
baseline	genotype_5xFAD_vs_WT	ENSMUSG00000002603	Tgfb1	32.4266582695329	-1.11992687540123	0.363283749968757	0.00205071018639704	0.00903116319753904
baseline	genotype_5xFAD_vs_WT	ENSMUSG00000021253	Tgfb3	285.903090458294	-0.477187157727401	0.176415320450482	0.00683233718002754	0.0238053444332082
baseline	genotype_5xFAD_vs_WT	ENSMUSG00000007613	Tgfbr1	731.96300461225	0.542283288614854	0.22963530161392	0.0182012737032477	0.0518683235604649
baseline	genotype_5xFAD_vs_WT	ENSMUSG00000035493	Tgfbi	653.360424819954	-0.252839002770153	0.137032244052048	0.0650221343008542	0.140859674584153
baseline	genotype_5xFAD_vs_WT	ENSMUSG00000018363	Smurf2	567.940573449801	0.131826188656071	0.0938064031284931	0.159931928859623	0.279003148070388
baseline	genotype_5xFAD_vs_WT	ENSMUSG00000001870	Ltbp1	214.98809703453	0.204811642274382	0.160326540254326	0.20143791259891	0.33097241161507
baseline	genotype_5xFAD_vs_WT	ENSMUSG00000032440	Tgfbr2	1550.6984994833	-0.183012785126492	0.145692753747635	0.209059519557388	0.340348479998948
baseline	genotype_5xFAD_vs_WT	ENSMUSG00000027660	Skil	628.482132353968	0.210127850233476	0.173143144266803	0.224897571577993	0.358665575687566
baseline	genotype_5xFAD_vs_WT	ENSMUSG00000019997	Ccn2	1809.55024497352	-0.271871196318891	0.269220595200348	0.312569335353353	0.454914974450767
baseline	genotype_5xFAD_vs_WT	ENSMUSG00000037411	Serpine1	133.609343006719	0.294562489611067	0.36228742639706	0.41618195789171	0.557591542950427
baseline	genotype_5xFAD_vs_WT	ENSMUSG00000026193	Fn1	2776.75978738193	0.086932238609507	0.121177573996202	0.473130134540107	0.609785139776144
baseline	SPP1_vs_NTC	ENSMUSG00000026193	Fn1	2776.75978738193	-0.450624346694525	0.121320842921933	0.00020375141096649	0.271011170355971
baseline	SPP1_vs_NTC	ENSMUSG00000027660	Skil	628.482132353968	-0.428457798115908	0.173427631325816	0.013491380255832	0.627158766913344
baseline	SPP1_vs_NTC	ENSMUSG00000001870	Ltbp1	214.98809703453	-0.331012173741453	0.160856675618985	0.0396085560005314	0.684663110339093
baseline	SPP1_vs_NTC	ENSMUSG00000018363	Smurf2	567.940573449801	-0.18504577881709	0.0939726108528868	0.0489363424003244	0.702132095402662
baseline	SPP1_vs_NTC	ENSMUSG00000032440	Tgfbr2	1550.6984994833	-0.251948584533639	0.145931827434512	0.0842608441854214	0.744140405496927
baseline	SPP1_vs_NTC	ENSMUSG00000007613	Tgfbr1	731.96300461225	-0.34466177761095	0.229499971020163	0.133150207894998	0.777837832827551
baseline	SPP1_vs_NTC	ENSMUSG00000025880	Smad7	228.949289027029	-0.237968353848009	0.170360929081683	0.162459230143813	0.793126995720231
baseline	SPP1_vs_NTC	ENSMUSG00000039239	Tgfb2	418.360063382323	0.149885000418028	0.126746275476122	0.236983808137598	0.833182557336151
baseline	SPP1_vs_NTC	ENSMUSG00000002603	Tgfb1	32.4266582695329	0.389741134887695	0.369693741664444	0.291778988085736	0.854304605932463
baseline	SPP1_vs_NTC	ENSMUSG00000037411	Serpine1	133.609343006719	-0.329695139860666	0.36246927685714	0.363043562445811	0.88014736071427
baseline	SPP1_vs_NTC	ENSMUSG00000021253	Tgfb3	285.903090458294	0.114871875713305	0.177226691409863	0.516879195378387	0.924671529685556
baseline	SPP1_vs_NTC	ENSMUSG00000019997	Ccn2	1809.55024497352	-0.14938567436729	0.269331552945634	0.579131723594695	0.938246750814331
baseline	SPP1_vs_NTC	ENSMUSG00000038400	Pmepa1	1265.07104753946	-0.0642596682040251	0.203193187767408	0.751813421876583	0.961491654737112
baseline	SPP1_vs_NTC	ENSMUSG00000035493	Tgfbi	653.360424819954	-0.0202412696976452	0.137398892652113	0.882881372330367	0.986648827970408
comp1	genotype_5xFAD_vs_WT	ENSMUSG00000039239	Tgfb2	418.360063382323	-0.680879110994637	0.164904593395796	3.6445928806245e-05	0.0100074950699456
comp1	genotype_5xFAD_vs_WT	ENSMUSG00000026193	Fn1	2776.75978738193	0.287685849270972	0.133685990372697	0.0314011262759203	0.120468890063657
comp1	genotype_5xFAD_vs_WT	ENSMUSG00000018363	Smurf2	567.940573449801	0.237340357944663	0.116129696275507	0.0409780031182589	0.141200934879235
comp1	genotype_5xFAD_vs_WT	ENSMUSG00000002603	Tgfb1	32.4266582695329	-0.964183628538412	0.472027233319721	0.0410876852691022	NA
comp1	genotype_5xFAD_vs_WT	ENSMUSG00000038400	Pmepa1	1265.07104753946	-0.506971300741159	0.248889990302768	0.0416571326724802	0.142525098766941
comp1	genotype_5xFAD_vs_WT	ENSMUSG00000027660	Skil	628.482132353968	0.420899156806174	0.209710810685176	0.0447448093524648	0.149204482529099
comp1	genotype_5xFAD_vs_WT	ENSMUSG00000007613	Tgfbr1	731.96300461225	0.53335023207791	0.296996452000777	0.0725241861119128	0.20301068750967
comp1	genotype_5xFAD_vs_WT	ENSMUSG00000001870	Ltbp1	214.98809703453	0.346976625056517	0.204531795166826	0.0898019302808161	0.231694457939544
comp1	genotype_5xFAD_vs_WT	ENSMUSG00000025880	Smad7	228.949289027029	-0.205178784659568	0.145253104389859	0.157785016650363	0.329876459740911
comp1	genotype_5xFAD_vs_WT	ENSMUSG00000037411	Serpine1	133.609343006719	0.607400663295287	0.457178638023272	0.183984936147458	0.362576050044672
comp1	genotype_5xFAD_vs_WT	ENSMUSG00000021253	Tgfb3	285.903090458294	-0.177950269868573	0.202782000592697	0.380190850843413	0.571383873658182
comp1	genotype_5xFAD_vs_WT	ENSMUSG00000032440	Tgfbr2	1550.6984994833	0.121518795560912	0.148154379969682	0.412092202785609	0.599040700752144
comp1	genotype_5xFAD_vs_WT	ENSMUSG00000035493	Tgfbi	653.360424819954	0.0718716450393481	0.124801327835532	0.564690573263825	0.725421813616525
comp1	genotype_5xFAD_vs_WT	ENSMUSG00000019997	Ccn2	1809.55024497352	-0.0328284950042258	0.336359552975302	0.922250390458592	0.958671415909551
comp1	SPP1_vs_NTC	ENSMUSG00000026193	Fn1	2776.75978738193	-0.38257172423448	0.109333225194487	0.000466770037813641	0.457948084098963
comp1	SPP1_vs_NTC	ENSMUSG00000027660	Skil	628.482132353968	-0.355628624919657	0.170911487772778	0.0374543586904457	0.819542518152622
comp1	SPP1_vs_NTC	ENSMUSG00000001870	Ltbp1	214.98809703453	-0.285937365454326	0.165381481523845	0.0838169045796313	0.819542518152622
comp1	SPP1_vs_NTC	ENSMUSG00000018363	Smurf2	567.940573449801	-0.144879224311198	0.0938727094573358	0.122743867978092	0.819542518152622
comp1	SPP1_vs_NTC	ENSMUSG00000007613	Tgfbr1	731.96300461225	-0.347408757925598	0.242506960113257	0.151980097457578	0.819542518152622
comp1	SPP1_vs_NTC	ENSMUSG00000032440	Tgfbr2	1550.6984994833	-0.154525374526549	0.121103859800234	0.201964715660532	0.820113352709411
comp1	SPP1_vs_NTC	ENSMUSG00000021253	Tgfb3	285.903090458294	0.201433820146774	0.166264097818398	0.225692625844494	0.820937947939757
comp1	SPP1_vs_NTC	ENSMUSG00000002603	Tgfb1	32.4266582695329	0.429182270826391	0.390186338544473	0.271357472576616	0.837148970690689
comp1	SPP1_vs_NTC	ENSMUSG00000039239	Tgfb2	418.360063382323	0.139985863057009	0.13492022394798	0.299481730387223	0.845145636298657
comp1	SPP1_vs_NTC	ENSMUSG00000025880	Smad7	228.949289027029	-0.10343507825961	0.118579094953486	0.38305148166567	0.867706177530037
comp1	SPP1_vs_NTC	ENSMUSG00000035493	Tgfbi	653.360424819954	0.0839538446199725	0.101634938024446	0.408785194517867	0.873272060078904
comp1	SPP1_vs_NTC	ENSMUSG00000037411	Serpine1	133.609343006719	-0.206195338991888	0.370988483385103	0.578347696223866	0.917277579836833
comp1	SPP1_vs_NTC	ENSMUSG00000019997	Ccn2	1809.55024497352	-0.0648580284433361	0.275313201487321	0.813759314768157	0.970961969227589
comp1	SPP1_vs_NTC	ENSMUSG00000038400	Pmepa1	1265.07104753946	-0.000913143087422019	0.203854502964209	0.996425978704514	0.999343254598148
comp13	genotype_5xFAD_vs_WT	ENSMUSG00000039239	Tgfb2	418.360063382323	-0.631828002321181	0.197343596654415	0.00136635999807521	0.481173792452378
comp13	genotype_5xFAD_vs_WT	ENSMUSG00000002603	Tgfb1	32.4266582695329	-1.50602221589041	0.496897067410539	0.00243863538687476	0.481173792452378
comp13	genotype_5xFAD_vs_WT	ENSMUSG00000038400	Pmepa1	1265.07104753946	-0.652037039275245	0.290557439115309	0.0248266121901061	0.481173792452378
comp13	genotype_5xFAD_vs_WT	ENSMUSG00000025880	Smad7	228.949289027029	-0.261437490993423	0.1742914270051	0.133613881639965	0.574119513534859
comp13	genotype_5xFAD_vs_WT	ENSMUSG00000021253	Tgfb3	285.903090458294	-0.215817349893154	0.243398638526312	0.375249781777689	0.763718070311991
comp13	genotype_5xFAD_vs_WT	ENSMUSG00000019997	Ccn2	1809.55024497352	-0.32706299092484	0.376641446846532	0.385193472297452	0.771094298451397
comp13	genotype_5xFAD_vs_WT	ENSMUSG00000018363	Smurf2	567.940573449801	0.101383261241083	0.123725464798674	0.412546178566004	0.785539166989047
comp13	genotype_5xFAD_vs_WT	ENSMUSG00000026193	Fn1	2776.75978738193	0.105367457809297	0.131104494937549	0.421575650686014	0.789407253684437
comp13	genotype_5xFAD_vs_WT	ENSMUSG00000027660	Skil	628.482132353968	0.125006893067088	0.209863296788349	0.5514032711864	0.857476223428399
comp13	genotype_5xFAD_vs_WT	ENSMUSG00000007613	Tgfbr1	731.96300461225	0.125385969349837	0.314908104444883	0.690507196787324	0.91344517058996
comp13	genotype_5xFAD_vs_WT	ENSMUSG00000001870	Ltbp1	214.98809703453	0.0846416386751265	0.215781028303201	0.694868263908718	0.915265159053291
comp13	genotype_5xFAD_vs_WT	ENSMUSG00000037411	Serpine1	133.609343006719	0.192802560293574	0.510460035544072	0.705650840886694	0.917899941974081
comp13	genotype_5xFAD_vs_WT	ENSMUSG00000035493	Tgfbi	653.360424819954	0.0261731225957289	0.150000137765548	0.861482492165309	0.964454217551384
comp13	genotype_5xFAD_vs_WT	ENSMUSG00000032440	Tgfbr2	1550.6984994833	-0.0183218643819427	0.165357773268433	0.911773875419775	0.97789690850313
comp13	SPP1_vs_NTC	ENSMUSG00000026193	Fn1	2776.75978738193	-0.344748058641196	0.0921847803567336	0.000184203156841615	0.30120286196218
comp13	SPP1_vs_NTC	ENSMUSG00000027660	Skil	628.482132353968	-0.27348609761591	0.146836421686312	0.0625295168614606	0.95175361734732
comp13	SPP1_vs_NTC	ENSMUSG00000002603	Tgfb1	32.4266582695329	0.53488956673343	0.356728306918546	0.133761794868732	0.95175361734732
comp13	SPP1_vs_NTC	ENSMUSG00000001870	Ltbp1	214.98809703453	-0.213744597908378	0.149404468996521	0.152532288031313	0.95175361734732
comp13	SPP1_vs_NTC	ENSMUSG00000018363	Smurf2	567.940573449801	-0.116827928913544	0.0854587262516878	0.171603849547918	0.95175361734732
comp13	SPP1_vs_NTC	ENSMUSG00000021253	Tgfb3	285.903090458294	0.20885702374133	0.171356744343348	0.222903664641191	0.95175361734732
comp13	SPP1_vs_NTC	ENSMUSG00000032440	Tgfbr2	1550.6984994833	-0.125848282785833	0.116227365435219	0.278907551542677	0.95175361734732
comp13	SPP1_vs_NTC	ENSMUSG00000007613	Tgfbr1	731.96300461225	-0.239396852974784	0.221236235415125	0.27921387433054	0.95175361734732
comp13	SPP1_vs_NTC	ENSMUSG00000039239	Tgfb2	418.360063382323	0.128248231102319	0.139135727888258	0.356659466189845	0.952632283685844
comp13	SPP1_vs_NTC	ENSMUSG00000035493	Tgfbi	653.360424819954	0.091571833790332	0.104693121432853	0.381754001210891	0.953375572322982
comp13	SPP1_vs_NTC	ENSMUSG00000025880	Smad7	228.949289027029	-0.0952936541992583	0.121911689878751	0.434413630747671	0.95588085250882
comp13	SPP1_vs_NTC	ENSMUSG00000037411	Serpine1	133.609343006719	-0.081443403430916	0.355931780339329	0.819010801077826	0.988764034091087
comp13	SPP1_vs_NTC	ENSMUSG00000038400	Pmepa1	1265.07104753946	0.029163712200273	0.204897343126096	0.886816755507346	0.991919519536525
comp13	SPP1_vs_NTC	ENSMUSG00000019997	Ccn2	1809.55024497352	-0.00202827287292683	0.265361302863978	0.993901477587811	0.998565215680634
tech	genotype_5xFAD_vs_WT	ENSMUSG00000039239	Tgfb2	418.360063382323	-0.602677572988348	0.205185617846569	0.00331157249149493	0.954915479170242
tech	genotype_5xFAD_vs_WT	ENSMUSG00000007613	Tgfbr1	731.96300461225	0.994907368393937	0.34779115568168	0.00422778874333794	0.954915479170242
tech	genotype_5xFAD_vs_WT	ENSMUSG00000032440	Tgfbr2	1550.6984994833	0.321490698990056	0.180262086814253	0.0745110227704039	0.954915479170242
tech	genotype_5xFAD_vs_WT	ENSMUSG00000018363	Smurf2	567.940573449801	0.262266531829588	0.150227140469495	0.080845722554682	0.954915479170242
tech	genotype_5xFAD_vs_WT	ENSMUSG00000027660	Skil	628.482132353968	0.464871373639089	0.271987557937244	0.087420554034206	0.954915479170242
tech	genotype_5xFAD_vs_WT	ENSMUSG00000001870	Ltbp1	214.98809703453	0.366931072501307	0.263797666613198	0.164238625616386	0.954915479170242
tech	genotype_5xFAD_vs_WT	ENSMUSG00000002603	Tgfb1	32.4266582695329	-0.662654917308511	0.592846532637055	0.263673273194925	0.954915479170242
tech	genotype_5xFAD_vs_WT	ENSMUSG00000026193	Fn1	2776.75978738193	0.21149262747969	0.192444274356808	0.271776293631456	0.954915479170242
tech	genotype_5xFAD_vs_WT	ENSMUSG00000037411	Serpine1	133.609343006719	0.601269560672018	0.593431504485091	0.310960809717293	0.954915479170242
tech	genotype_5xFAD_vs_WT	ENSMUSG00000025880	Smad7	228.949289027029	-0.126127882762719	0.231286157076177	0.585524782639615	0.979025087515568
tech	genotype_5xFAD_vs_WT	ENSMUSG00000019997	Ccn2	1809.55024497352	0.18732854553444	0.416200912321573	0.652644374365282	0.981306261357165
tech	genotype_5xFAD_vs_WT	ENSMUSG00000038400	Pmepa1	1265.07104753946	0.0710561023860565	0.238412164718476	0.765673464256784	0.988389601456125
tech	genotype_5xFAD_vs_WT	ENSMUSG00000035493	Tgfbi	653.360424819954	0.0582083139801909	0.204020565027448	0.775409631410792	0.988990029773562
tech	genotype_5xFAD_vs_WT	ENSMUSG00000021253	Tgfb3	285.903090458294	-0.0631911909485443	0.264109517853041	0.810902959292093	0.990970197754421
tech	SPP1_vs_NTC	ENSMUSG00000026193	Fn1	2776.75978738193	-0.469693247412216	0.121068215249079	0.000104639040928904	0.0493059160856995
tech	SPP1_vs_NTC	ENSMUSG00000032440	Tgfbr2	1550.6984994833	-0.32508030791369	0.112862892675083	0.00397282212365224	0.19402250201524
tech	SPP1_vs_NTC	ENSMUSG00000027660	Skil	628.482132353968	-0.463114924396614	0.169992431205413	0.00644327291563498	0.226572402824418
tech	SPP1_vs_NTC	ENSMUSG00000018363	Smurf2	567.940573449801	-0.203151537671185	0.0925807370995012	0.0282125874997826	0.359291114321556
tech	SPP1_vs_NTC	ENSMUSG00000001870	Ltbp1	214.98809703453	-0.351752393238959	0.1626920103028	0.0306123648514424	0.370573644917595
tech	SPP1_vs_NTC	ENSMUSG00000025880	Smad7	228.949289027029	-0.307358252514617	0.144460276098409	0.0333676377157679	0.375790031620163
tech	SPP1_vs_NTC	ENSMUSG00000007613	Tgfbr1	731.96300461225	-0.417610084695038	0.217177592806725	0.0544930195654032	0.445604173012219
tech	SPP1_vs_NTC	ENSMUSG00000038400	Pmepa1	1265.07104753946	-0.178694856156505	0.149692061378663	0.232575885593784	0.68678325266446
tech	SPP1_vs_NTC	ENSMUSG00000039239	Tgfb2	418.360063382323	0.14337742357327	0.129723271922792	0.26904868121421	0.725261662403523
tech	SPP1_vs_NTC	ENSMUSG00000037411	Serpine1	133.609343006719	-0.383596282007148	0.369048543238518	0.298609641461353	NA
tech	SPP1_vs_NTC	ENSMUSG00000002603	Tgfb1	32.4266582695329	0.338902379805541	0.376078077595682	0.367509108261422	NA
tech	SPP1_vs_NTC	ENSMUSG00000019997	Ccn2	1809.55024497352	-0.218607573371215	0.261989486904577	0.404047993867628	0.811161521209559
tech	SPP1_vs_NTC	ENSMUSG00000035493	Tgfbi	653.360424819954	-0.0635686716780997	0.127564325325097	0.618253999453549	0.902620339407737
tech	SPP1_vs_NTC	ENSMUSG00000021253	Tgfb3	285.903090458294	0.0563581413567358	0.165283519858147	0.733119700515888	0.933726520582705
