readout	type	confidence	geno_base_SD	geno_base_p	geno_compPC1_SD	geno_compPC1_p	geno_compPC1PC3_SD	geno_compPC1PC3_p	geno_mito_SD	geno_mito_p	geno_fibroblast_SD	geno_fibroblast_p	position_616	spp1_base_SD	spp1_base_p	spp1_compPC1_SD	spp1_compPC1_p	spp1_compPC1PC3_SD	spp1_compPC1PC3_p	spp1_perm_p
TGFb_weighted_all8	score		-0.8449847978331757	0.1578066648131908	0.09272984481466229	0.8903840059211121	-0.2148023946460489	0.7799364889304533	0.645543144546494	0.40264038639161753	-0.06486710142701474	0.8697797299454413	2.09127778079484	-0.8699482398450893	0.10498720187344224	-0.3805559861336457	0.23359414513936141	-0.3999044645634532	0.0899538103031242	0.11
TGFb_high_conf_4	score		-1.1904747148755863	0.03507043284205888	-0.27392526666211564	0.620371024333025	-0.350255034046725	0.598538954671713	0.2749359000394266	0.6418362500705334	-0.4726390292628498	0.15034014324678727	1.5850153589780547	-0.6084940361913703	0.2948910337016138	-0.06609425513346145	0.85600406031604	-0.08408825186936285	0.7893168356017861	0.32
TGFb_weighted_composition_residual	score		-0.30814312592099663	0.6189435948214516	-0.4807058972425684	0.5985987497150649	-0.39035593875243435	0.721161207054006	0.8850049152054336	0.37055361976935425	-0.11744747897680392	0.8745061312547217	2.971975659544259	0.11994536649293841	0.8141510637388621	-0.1932024346728517	0.6986393831196258	-0.20309547930208804	0.6965853468775848	0.82
Serpine1	panel gene	High	0.5248498116092088	0.3952959658164166	0.9018401393512229	0.31684603668690264	0.29127757339510574	0.7498941003389674	0.7602801562297883	0.4881979586664223	0.918956132642017	0.20373360923421466	-4.314177745881407	-0.48932936088784984	0.3735184247085655	-0.27576181784614157	0.6364572940690817	-0.2875623803548894	0.6363803385790492	0.385
Smad7	panel gene	High	-1.5163796211246376	0.0024223229810710657	-0.6825971182674703	0.07041771589837946	-0.4854681301164066	0.21614854497936545	-0.3251208040255108	0.42533988047237264	-1.0277434821513136	0.006477010243331835	1.065756983275055	-0.826469162854244	0.15166351069314346	-0.24366739746413352	0.3324522818337939	-0.24457854137994753	0.36478553208818426	0.175
Tgfbi	panel gene	High	-1.131793150351751	0.0549085349621459	-0.0012897866313400508	0.9979652369055233	0.34169497996013387	0.5283393039948573	0.2725728010908287	0.6990205416778593	-0.4146267264193361	0.29675416330749055	1.4433042651570445	-0.16920997716563113	0.7953712753171543	0.43969725587021424	0.340174863186687	0.4390412680897377	0.37517601823143615	0.88
Pmepa1	panel gene	High	-1.3053601307177485	0.017092649002724235	-0.8498826589936577	0.2056349922612299	-0.9994069664381624	0.21342006106236758	0.14587672098453203	0.7706435884273445	-0.7593575498385126	0.08651686154638913	1.303726188632093	-0.23303692096629464	0.7066036666196562	-0.14633668992625656	0.8350258111947086	-0.1940970065197247	0.6550111087639946	0.7
Skil	panel gene	Medium	0.6055774161560101	0.3299450360806402	1.0786189635102894	0.23103608314849777	0.15544314591042663	0.8152616114541048	1.3725867439014046	0.20553494961358035	1.0835062089972958	0.12679124586041907	-3.412327202811281	-0.9617386009994702	0.0775894550691581	-0.6838664519080642	0.19553754161919232	-0.7100022767342539	0.12067044238222925	0.085
Ccn2	panel gene	Medium	-0.40965317709744065	0.505690755363388	-0.0378861517845272	0.9655345922581704	-0.3410301721043501	0.7403088153070303	0.42782547695484197	0.6772865098056807	0.08214835293107567	0.900216657922945	2.645140134731895	-0.36653833196445	0.41126159171998344	-0.12628689022166695	0.7759103608514581	-0.13336878781583011	0.7755923854492628	0.41
Fn1	panel gene	Medium	0.6598733079222779	0.24995011839155712	1.361072710800106	0.08972434055265388	0.6837690983809194	0.31582683916218063	1.3329362140119156	0.18238097578931511	1.2440555176888717	0.04091734287283395	-6.165995685281312	-1.385842541499448	0.008195423132392842	-1.0305288232439245	0.013234709243997342	-1.045007358072556	0.009776722490626394	0.01
Smurf2	panel gene	Low	1.0055189822039512	0.08708693433578545	1.5370281850648142	0.06609487336470868	0.784009699637894	0.23361969554669929	1.6972592899557981	0.09173703368421321	1.5052306819493517	0.022779528457914144	-1.3513178602681817	-1.0488468988110733	0.06533421653443298	-0.6575989626133316	0.167473540564402	-0.6717967700478313	0.16049250227335335	0.075
Tgfb1	context gene		-1.3388726333365542	0.014777496388241875	-1.5219310944275153	0.0471063303588716	-1.769917771756735	0.05077035109601259	-0.9141540931739915	0.2714766848578268	-1.259722725997299	0.04870906640158701	0.05091343328623695	0.729550028337186	0.24656629693467597	0.8561293585034255	0.2317950809841705	0.8227597474046312	0.19336636463415746	0.27
Tgfb2	context gene		-1.7265528783889392	7.726895034404953e-05	-1.6847325400595765	0.0019383152609510337	-1.7940757201586246	0.004582056478649772	-1.6636999539560995	0.006202444343822829	-1.6776760041424552	0.0006121211206248472	0.11891639961129928	0.6696909527947852	0.2515085627567005	0.35496712915985706	0.5351757019610422	0.32761547246431444	0.5134175300569692	0.225
Tgfb3	context gene		-1.3382552688757954	0.013073797734843007	-0.647699809781031	0.2598015095092822	-0.5690033821672438	0.4019917075984287	-0.21942356907586397	0.7244769584994412	-0.7690780027789088	0.05763208607546394	0.8887143229759417	0.28048228071825554	0.6290062470264178	0.47696461203338414	0.45882616779214613	0.45390535366719553	0.46598104795015916	0.605
Tgfbr1	context gene		0.9669628984728278	0.10430398236834498	0.9433486018166591	0.26579704717352615	0.0942371751598663	0.8856279553206826	1.6266240422057827	0.11243809780978008	1.2085849916846159	0.09257076033581169	-1.2295450082007684	-0.5759678804943476	0.3390557131522783	-0.5469626218316658	0.4253192665125196	-0.5892934683636935	0.23463913309293022	0.35
Tgfbr2	context gene		-0.7112177681345421	0.25238160795372494	0.2766833834836812	0.7003130375990146	0.03753605758464218	0.964266130456623	1.1391402967858042	0.11731185678359679	0.06827859114033918	0.8833931200751335	2.3414541649962555	-0.9462760219523167	0.10568912262781256	-0.5310682700713412	0.2749607561841768	-0.556841709467808	0.16815337839077973	0.085
Ltbp1	context gene		0.5536249598432464	0.3788274546140652	0.8561996867088684	0.35265540105693777	-0.21189062103920792	0.7097469252015113	1.0833963735100012	0.32977018807617275	0.9084170311806432	0.22338374443317333	-1.9708492564988462	-0.8673580750733343	0.15301790380631702	-0.67666621444068	0.2983735318300083	-0.7166482635980258	0.12943337063581714	0.165
