	TGFb_weighted_all8	TGFb_high_conf_4	TGFb_weighted_composition_residual
VT3YXB_1	-1.8697936337711374	-1.8263066683458684	0.255588118718456
VT3YXB_2	-0.4336670172210917	-0.2026138022175056	-0.6870181547105618
VT3YXB_3	-0.8346550705365243	-0.6097954489210708	-0.08976739950191125
VT3YXB_4	-0.5923665232090399	-0.7056932953757076	-0.32660862723128087
VT3YXB_5	0.24679538563896558	0.19859487480299665	0.3306135934573968
VT3YXB_6	0.27742933628142125	0.17550088673550698	0.40780791332980965
VT3YXB_7	-0.7965279515808533	-0.8056154757340531	-0.7016483153263146
VT3YXB_8	0.5618677013095777	0.8272956745940543	0.3766540596001295
VT3YXB_9	1.1074758028192604	1.219600390458438	0.7996522007661935
VT3YXB_10	0.39815334553243753	0.5569400484694836	0.06468331334341185
VT3YXB_11	1.1835351653695276	1.3419880762295118	0.4835584974539182
VT3YXB_12	0.6157231730926678	0.7845817403426345	-0.48441502524470115
VT3YXB_13	0.31798317445701957	0.08658489182612761	-0.39671451766947163
VT3YXB_14	-0.05497898840970906	-0.3088677348581183	-0.29374263293419345
VT3YXB_15	-0.39234533635122504	-0.38688894407013064	-0.6583513548348021
VT3YXB_16	-0.2084755861676262	-0.25165916921233594	0.5163484951051656
VT3YXB_17	0.1586313776436971	-0.05794776650454678	-0.14645594061459355
VT3YXB_18	0.3152156451026479	-0.03569827821941127	0.5498157762933492
