	fibroblast_stromal	blood_endothelial	macrophage_BAM	bone_osteoblast	osteoclast	olfactory_nasal	CNS_neural	skeletal_muscle	erythroid_blood
Serpine1	0.20614954932438975	0.22480133174811118	0.30315978895499607	0.36558061252054164	0.28624893013629166	-0.6220032667940091	-0.13107147530417315	0.1046603220242086	0.11822057135229204
Smad7	0.8495425750152094	0.9298590764613409	0.13822141266914023	0.03370921349631398	0.015291513254975436	-0.7071162957745304	-0.6150045413324544	-0.6487271837075976	-0.06774147041405179
Tgfbi	0.8416181422339243	0.8601923855583805	0.4353501683802864	0.007234890803710003	-0.10286071945864263	-0.596035147907563	-0.6489038020587458	-0.5034579064585669	0.06887181404892972
Pmepa1	0.7407587706791804	0.70859708290926	-0.23567290922321033	-0.22643565189117631	0.1860386209761172	-0.3671099510608881	-0.6419503026500429	-0.5652109872942915	-0.09129365085090088
Skil	0.47759540838015196	0.3554148915610499	0.15688221438128822	0.4896469696097549	0.612433039642996	-0.7684756491605695	-0.3018303996995388	-0.17000681567713774	0.1561820334644671
Ccn2	0.44942581120246683	0.4770899997182852	0.20896663368199123	0.23288499597857026	0.2426034622864887	-0.6677070193980122	-0.252808091255987	-0.09260818226658642	0.02349209958690811
Fn1	0.7371247333811275	0.5983288658198359	0.29730250725077806	0.5214844943227309	0.4365673304939563	-0.6470403937348023	-0.45139373590380893	-0.14949269379167102	-0.025602431878312303
Smurf2	0.42019664017276853	0.22027463463896943	0.21575550437077237	0.6030395284511169	0.5787702137826949	-0.6291897939725654	-0.1687442347239409	0.06028429340809468	0.09441318657054913
Tgfb1	0.4243023094983479	0.41233452927856024	-0.22112418636573494	-0.22744438720600055	0.13610767063525891	-0.1716408237459996	-0.46575285052165466	-0.3650302542916801	0.2699494093742259
Tgfb2	0.3758238616733311	0.5224095165578334	-0.3689197728102498	-0.5294884993600046	-0.23695128944177254	0.00038719511613983577	-0.5880805348615484	-0.5196597913374934	0.12052597452198766
Tgfb3	0.6568684274182658	0.5889782172518586	0.023066793718863166	-0.3217062921172824	-0.13177218107430227	-0.11392831373306894	-0.6217137630575207	-0.4232206064469419	0.09485628971046337
Tgfbr1	0.0070919181517969795	-0.1874849649546834	-0.16627108964762222	0.4527766490514801	0.8370659459554264	-0.24912384272200624	-0.04367675311276791	0.03510431206549401	0.08912719748170049
Tgfbr2	0.842827200529981	0.7683902749766915	0.1607673766104312	0.17852671125635122	0.33799194419960504	-0.717400745956828	-0.6104677286500926	-0.5741322492287947	-0.06265303828910253
Ltbp1	0.41733379856407044	0.2227570825278264	-0.06773248417202389	0.4724298229274172	0.7086444278054183	-0.5702192307467016	-0.3376127500366354	-0.1410243670060555	0.21824963566208258
