	Tx_PC1	Tx_PC2	Tx_PC3	Tx_PC4	Tx_PC5
Composition_PC1	1.2678715297879358e-06	0.3238088129377634	0.5479006675946313	0.46816133789331493	0.5534228921214378
Composition_PC2	0.4888387099593369	0.15995306278645874	0.7977151313810279	0.0810190486949893	0.06438522410365068
Composition_PC3	0.816654203568489	7.277473705445721e-07	0.8740147776078565	0.44294415082481003	0.19106788357348967
fibroblast_stromal	7.866871839732887e-05	0.46306133291799106	0.2913923922783684	0.3322310909053101	0.13721671612433217
blood_endothelial	3.042080527777152e-05	0.36270020849471035	0.43798642970216684	0.7354104124232368	0.9061604960497216
macrophage_BAM	0.6686595229846738	0.029506553722099392	0.47328926682499955	0.5645405304670835	0.6331873816566363
monocyte	0.3807953913501374	0.4184467334719627	0.8612061336731367	0.0564616251020334	0.031068538407296186
dendritic_cell	0.024513917732196123	0.5424031647570589	0.13962500641700296	0.504632511085031	0.42328766928815764
B_cell	0.22932241176613294	0.10253523912493727	0.6331873816566363	0.047064111171724266	0.21933066080450497
NK_cell	0.05901670687313082	0.029506553722099392	0.34945414298064165	0.3538383254251315	0.13721671612433217
mast_cell	0.46816133789331493	0.31964521777772903	0.2913923922783684	0.4784449329228026	0.9190604851409846
neutrophil	0.28748424291745134	0.3238088129377634	0.8040167566657793	0.15210693918997695	0.021371414657806467
CNS_neural	0.0009869258677951257	0.1653345412255697	0.1495513888590625	0.8804304907652737	0.5099504603438955
bone_osteoblast	0.9837879533049655	1.2271367358194716e-05	0.7788829476841139	0.8804304907652737	0.20962534083657888
osteoclast	0.3946884572555505	0.06438522410365068	0.10060038374584022	0.13483747906980886	0.20020499436454783
olfactory_nasal	1.1129003812786902e-05	0.19106788357348967	0.5314832784708439	0.9837879533049655	0.8356904320597222
choroid_plexus	0.7726309674360764	0.8676065335789527	0.07778293683965697	0.06301029106386721	0.20331354771785817
erythroid_blood	0.8420557303322882	0.16807083488832178	0.05278586195356667	0.7977151313810279	0.9190604851409846
skeletal_muscle	0.0006215020932519377	0.05521566198726718	0.11054194705770325	0.8040167566657793	0.39938013616939916
pct_mito	0.0015160249841227739	0.024513917732196123	0.9773044881689205	0.3364896473643954	0.7914253837974394
pct_multi	0.11683232301276776	5.3816356061133154e-05	0.504632511085031	0.5260613631447345	0.6987424830235278
pct_unique	0.0715970112602687	0.0013817713318639618	0.29533260163380953	0.44294415082481003	0.6926899392518375
