Name,Term,ES,NES,NOM p-val,FDR q-val,FWER p-val,Tag %,Gene %,Lead_genes
prerank,HALLMARK_OXIDATIVE_PHOSPHORYLATION,0.6817861483186097,3.3976683338548734,0.0,0.0,0.0,125/194,15.65%,TIMM9;MRPL15;TOMM22;NDUFB1;VDAC3;NDUFA2;MRPL35;NDUFA5;COX17;ATP5ME;DLD;MTX2;COX6C;COX7B;TIMM8B;ATP5MF;PDP1;NDUFA6;NDUFC2;COX7A2;ATP5MG;ATP5PD;NDUFB6;TIMM17A;NDUFB4;UQCRB;ISCU;TIMM10;UQCRH;NDUFB5;ATP5PO;MTRF1;ATP5PF;NDUFV2;COX7C;NDUFA4;DLAT;PRDX3;NDUFS6;NDUFB3;NDUFC1;NDUFB2;MRPS22;VDAC2;ATP5PB;CYCS;NDUFB7;NDUFA7;ATP6V1D;ACAT1;COX5B;NDUFS1;ATP6V1F;NDUFA9;SUCLA2;UQCR10;ATP5F1C;UQCRQ;NDUFS4;SDHD;ETFA;OAT;COX6B1;MPC1;NDUFS3;COX7A2L;UQCRC2;ECI1;COX8A;RHOT1;MRPL11;MDH1;ABCB7;COX5A;UQCR11;UQCRFS1;NDUFB8;ATP6V1G1;SURF1;NDUFA3;PDHB;SLC25A4;BDH2;HSD17B10;SDHB;NDUFS8;IMMT;HADHB;ATP6V1C1;ATP5F1E;NDUFA1;SLC25A5;MGST3;FDX1;PDHA1;ACADSB;DECR1;SUCLG1;POLR2F;SDHA;ATP5MC3;GRPEL1;ECHS1;ECH1;CYB5A;PDHX;ACADM;NDUFA8;ATP6V1E1;ETFB;ATP5MC1;MRPL34;HCCS;IDH3B;ATP6V1H;MRPS15;ATP6AP1;FXN;COX11;AIFM1;ALDH6A1;OPA1;ATP5MC2;IDH3A;ETFDH
prerank,HALLMARK_MYC_TARGETS_V1,0.5906898514556012,2.9194371262086674,0.0,0.0,0.0,108/192,19.94%,EIF4G2;EIF4E;SSB;MRPL23;PSMC6;AP3S1;RPL22;SNRPB2;SNRPG;SSBP1;PCNA;VDAC3;CUL1;HSPE1;PSMB2;RPL34;NAP1L1;PSMA4;RPS6;CCT5;CBX3;CCT4;PSMA2;PSMA1;PSMD14;EIF2S1;EIF1AX;RANBP1;PSMB3;NHP2;PPIA;LSM7;NPM1;SNRPD1;NCBP2;RPS5;PRDX3;ABCE1;RPLP0;CNBP;SNRPD2;ERH;RSL1D1;SRSF3;NME1;VBP1;RACK1;YWHAQ;RAN;TCP1;HDAC2;EEF1B2;RPS10;KPNA2;RPL14;COPS5;HPRT1;UBE2E1;PSMA6;RPS3;DHX15;COX5A;PRDX4;MRPL9;EIF2S2;PSMD8;U2AF1;CCT2;APEX1;UBA2;PGK1;PSMA7;SNRPA1;GLO1;POLE3;HDDC2;RPL18;KPNB1;NOP56;HNRNPA3;PCBP1;EXOSC7;TRA2B;RRM1;DDX18;EIF4A1;BUB3;ACP1;PWP1;ODC1;TXNL4A;RFC4;PRPF31;SRSF7;CSTF2;XPO1;PSMC4;IFRD1;NCBP1;HNRNPA1;RAD23B;STARD7;CCT7;TARDBP;DUT;GSPT1;ORC2;HNRNPC
prerank,CUSTOM_OSTEOCLAST,0.6585026670165838,1.9658973234436745,0.0,0.0010762751520823584,0.0045,14/16,31.23%,SNX10;ATP6V1C1;DCSTAMP;OSTM1;CALCR;CTSK;ACP5;ATP6V0D2;OSCAR;OCSTAMP;CAR2;TNFRSF11A;ITGB3;MMP9
prerank,HALLMARK_MTORC1_SIGNALING,0.39119557481927736,1.9475609502143216,0.0,0.0011659647480892217,0.0065,83/192,24.20%,NAMPT;PSMD12;EEF1E1;PSMC6;HSPE1;NUPR1;PSMA4;PSMA3;MTHFD2L;PSMD14;CCT6A;PRDX1;PPIA;TCEA1;SEC11A;CACYBP;ATP6V1D;PNO1;RAB1A;PSMC2;SKAP2;COPS5;HPRT1;UBE2D3;EIF2S2;CCNG1;PGK1;PSMG1;RIT1;LGMN;IMMT;ACTR3;SERP1;HMGCR;GLA;M6PR;TFRC;UFM1;PIK3R3;MTHFD2;PNP;IDI1;SC5D;ACSL3;ASNS;PSPH;ATP5MC1;GLRX;UCHL5;HSP90B1;HSPA4;MLLT11;DDIT3;PSMB5;TUBA4A;GOT1;FKBP2;PITPNB;PSMC4;IFRD1;CD9;PSAT1;DHFR;RPN1;TPI1;IFI30;CANX;HSPA9;GMPS;SQLE;BTG2;GBE1;ARPC5L;GSR;PGM1;RDH11;ETF1;FGL2;ERO1A;CTSC;ACTR2;NUP205;INSIG1
prerank,HALLMARK_DNA_REPAIR,0.38602539896173876,1.848447150339678,0.0,0.0028700670722196227,0.02,55/142,16.76%,TAF13;RBX1;TAF9;PCNA;SDCBP;TAF12;POLR2I;SNAPC5;POLR2K;GTF2F1;COX17;GTF2H5;NCBP2;BOLA2;ALYREF;POLR2J;VPS28;APRT;ITPA;POLR2G;NME1;NUDT21;POLR2H;RPA3;MPC2;HPRT1;TMED2;GTF2B;POLR2D;POLR1C;GSDME;POLR1D;SURF1;EIF1B;RRM2B;DAD1;CETN2;ZWINT;POLR2F;RNMT;POLE4;REV3L;PNP;CSTF3;NUDT9;SF3A3;TAF10;MRPL40;PRIM1;NME3;RFC4;GUK1;BCAP31;GTF2A2;RFC3
prerank,HALLMARK_PROTEIN_SECRETION,0.3967667351983311,1.7729723850252666,0.0009049773755656109,0.005500961888420944,0.045,43/94,25.60%,VAMP4;BET1;AP3S1;RER1;SEC22B;LAMP2;RAB2A;STX7;SCAMP1;CLTC;RAB5A;BNIP3;TMED2;CLTA;STAM;DNM1L;ARCN1;GOSR2;VPS45;GLA;TSPAN8;M6PR;CD63;COPB2;LMAN1;ATP6V1H;SH3GL2;COPB1;MAPK1;SOD1;YIPF6;STX12;KIF1B;TMX1;VAMP3;ADAM10;CAV2;SNX2;CTSC;ABCA1;AP1G1;USO1;SNAP23
prerank,HALLMARK_FATTY_ACID_METABOLISM,0.3502463465322436,1.6608446212137031,0.0008880994671403197,0.012556543440960848,0.115,43/138,19.35%,OSTC;S100A10;DLD;PTS;HIBCH;SUCLA2;SDHD;SERINC1;HSDL2;LGALS1;ECI1;MDH1;APEX1;MAOA;SUCLG2;PDHB;ACSL4;HSD17B10;BLVRA;HADHB;PDHA1;MCEE;DECR1;SUCLG1;SDHA;IDI1;ECHS1;ECH1;ACADM;HCCS;IDH3B;UROD;ODC1;ECI2;YWHAH;ETFDH;IDH3G;SMS;HSP90AA1;G0S2;NBN;UGDH;ACADL
prerank,HALLMARK_E2F_TARGETS,0.30297512808657645,1.5026478488275172,0.004191114836546521,0.039911870223054126,0.353,73/191,31.07%,CSE1L;PCNA;NAP1L1;EIF2S1;RANBP1;CDKN2C;NAA38;NME1;RAN;NUDT21;PAICS;RPA3;ASF1A;DCTPP1;KPNA2;GINS4;PRDX4;PSMC3IP;NASP;NUP153;PTTG1;ORC6;SMC3;RAD21;KIF22;PHF5A;CKS1B;TFRC;MTHFD2;RBBP7;EXOSC8;POLE4;LYAR;NOP56;IPO7;TRA2B;HMGB3;UBE2T;XPO1;PRPS1;RFC3;NBN;CHEK1;DUT;EED;GSPT1;ORC2;TIPIN;RPA2;PRIM2;CKS2;CBX5;STMN1;NUP205;HMGB2;SLBP;SHMT1;CDK1;SMC4;STAG1;SMC1A;RAD50;SYNCRIP;MAD2L1;PRKDC;CHEK2;PLK4;ANP32E;BRMS1L;NUP107;RAD1;DCK;UBR7
prerank,HALLMARK_ADIPOGENESIS,0.27108474750502515,1.3477628946578193,0.019913419913419914,0.12500736581223246,0.776,76/196,25.58%,MRPL15;PTCD3;NDUFA5;GHITM;DLD;COX7B;SCP2;MTCH2;DRAM2;CDKN2C;ATP5PO;HIBCH;DLAT;PRDX3;NKIRAS1;NDUFB7;TANK;UQCR10;UQCRQ;NDUFS3;ARL4A;COX8A;DHRS7;CMPK1;UQCR11;MRAP;RTN3;DNAJC15;SDHB;IMMT;ATP1B3;SULT1A1;MGST3;ATL2;DECR1;SUCLG1;DHRS7B;GRPEL1;ECHS1;RMDN3;ECH1;OMD;ACADM;ETFB;SNCG;AIFM1;FABP4;G3BP2;SOD1;IDH3A;IDH3G;PPARG;ADIG;COX6A1;CD302;GADD45A;PDCD4;ACADL;CCNG2;ANGPT1;COQ3;PHYH;NDUFAB1;GBE1;SQOR;TOB1;PGM1;GPAM;ABCA1;CD36;JAGN1;RIOK3;IDH1;TALDO1;RNF11;MDH2
prerank,CUSTOM_OSTEOBLAST,0.47103089660383834,1.3292269745327054,0.1316793893129771,0.12954765247231323,0.82,7/14,20.96%,SPP1;IBSP;PHEX;BGLAP2;IFITM5;DMP1;BGLAP
prerank,HALLMARK_UNFOLDED_PROTEIN_RESPONSE,0.28628787159838454,1.3036443768664943,0.05412844036697248,0.1421987776690631,0.8705,29/107,15.21%,IMP3;EIF4E;MTREX;SPCS1;EIF2S1;NHP2;NPM1;SEC11A;LSM1;BANF1;EIF4A2;POP4;NFYB;EXOSC1;RPS14;GOSR2;CKS1B;SERP1;YWHAZ;SPCS3;MTHFD2;SLC30A5;NOP56;ASNS;EIF4A1;HSP90B1;ATF4;EXOSC9;PDIA6
prerank,HALLMARK_PANCREAS_BETA_CELLS,0.3761368064273969,1.2847910937974483,0.13122605363984674,0.15166510684760567,0.9025,12/27,30.78%,SRP9;SPCS1;SEC11A;SRP14;SST;VDR;SCGN;DPP4;PAX6;SYT13;PAK3;DCX
prerank,HALLMARK_CHOLESTEROL_HOMEOSTASIS,0.29323205743763725,1.2217913699868228,0.14338235294117646,0.2168832415439809,0.9755,26/66,28.04%,FABP5;S100A11;ANXA5;LGMN;HMGCR;GPX8;CTNNB1;IDI1;SC5D;ECH1;FDFT1;PPARG;ETHE1;CD9;PMVK;LSS;LGALS3;SQLE;GNAI1;CPEB2;ACAT2;LPL;HSD17B7;ANTXR2;MAL2;STARD4
prerank,HALLMARK_REACTIVE_OXYGEN_SPECIES_PATHWAY,0.3140121932756567,1.208478389843495,0.17985611510791366,0.2214051741426566,0.9845,24/46,30.06%,LAMTOR5;NDUFA6;PRDX1;NDUFB4;GLRX2;SOD2;PRDX4;ATOX1;GCLM;HMOX2;GLRX;SOD1;PRDX2;CDKN2D;SELENOS;GSR;MSRA;NDUFS2;MBP;MGST1;NQO1;GPX4;IPCEF1;OXSR1
prerank,HALLMARK_PEROXISOME,0.25387882257874417,1.1217839756480463,0.23975044563279857,0.36043258981958093,0.9985,22/90,15.42%,CDK7;PEX2;SCP2;PRDX1;PEX13;NUDT19;ITGB1BP1;CNBP;SLC25A17;SOD2;PEX11B;SLC25A4;ACSL4;FIS1;IDI1;GSTK1;ABCD3;ECH1;LONP2;ECI2;SOD1;YWHAH
prerank,CUSTOM_DAM_MICROGLIA_KerenShaul2017,0.32966288383833736,1.0615593964295946,0.36466165413533835,0.47553423802838873,1.0,11/23,29.74%,FABP5;TYROBP;CD63;SPP1;CTSL;CD9;LGALS3;ANK;LPL;CST7;CD68
prerank,CUSTOM_INTERFERON_ISG,0.3160844342759828,0.9255587432935909,0.5507109004739337,0.8389037224623122,1.0,2/15,2.35%,IFI27L2A;IFITM3
prerank,HALLMARK_COMPLEMENT,0.1677818138045291,0.8133202203453741,0.9092495636998255,1.0,1.0,50/169,26.17%,GNAI3;S100A13;PPP2CB;LAMP2;PDP1;FCER1G;RNF4;GNGT2;RABIF;ATOX1;ANXA5;CFH;LGMN;USP15;FDX1;PCLO;CTSO;CTSS;GNG2;TIMP1;GMFB;F3;C1QC;CASP1;MMP13;PLA2G7;CTSL;MSRB1;PLA2G4A;CTSH;ANG;PHEX;USP14;GZMB;LGALS3;CPQ;LAP3;ACTN2;CALM1;USP16;CTSC;GZMA;CD36;USP8;ADAM9;DPP4;CEBPB;MAFF;XPNPEP1;PRCP
prerank,HALLMARK_MYC_TARGETS_V2,0.1999940680314967,0.7990627321253916,0.8158844765342961,1.0,1.0,9/57,13.56%,NIP7;HSPE1;MPHOSPH10;CBX3;NPM1;DCTPP1;RABEPK;NOP56;DDX18
prerank,HALLMARK_G2M_CHECKPOINT,0.15486646024908787,0.7676747926577022,0.9663299663299664,1.0,1.0,44/188,23.92%,CDC27;CUL1;CDKN2C;SNRPD1;CUL3;HMGN2;KPNA2;NASP;PTTG1;ORC6;RAD21;KIF22;CKS1B;WRN;NCL;KPNB1;MNAT1;TRA2B;PAFAH1B1;HMGB3;BUB3;DR1;ODC1;AMD1;KATNA1;SAP30;HIF1A;XPO1;CUL4A;DTYMK;HIRA;RAD23B;CHEK1;RPS6KA5;GSPT1;CASP8AP2;SRSF10;SQLE;RPA2;PRIM2;MEIS1;SMC2;CKS2;STMN1
prerank,HALLMARK_ANDROGEN_RESPONSE,0.16493540269220575,0.7285916077664342,0.9554950045413261,1.0,1.0,15/92,14.64%,GNAI3;SRP19;SAT1;TMEM50A;NGLY1;VAPA;UAP1;HMGCR;ITGAV;SPCS3;IDI1;ACSL3;B2M;LMAN1;ELL2
prerank,HALLMARK_BILE_ACID_METABOLISM,0.15114089506915204,0.6770018216178528,0.9821268990169795,1.0,1.0,29/93,29.03%,PNPLA8;SCP2;PEX13;GCLM;IDI1;GSTK1;ABCD3;PXMP2;PEX7;LONP2;CROT;SOD1;AMACR;PHYH;SLC23A2;NUDT12;ABCA5;PRDX5;HSD17B11;ABCA1;IDH1;PEX12;ABCD2;OPTN;RBP1;ALDH1A1;CYP39A1;NR3C2;CYP7B1
prerank,HALLMARK_SPERMATOGENESIS,0.15152197748467147,0.6742573780905589,0.9819277108433735,0.9752300733114959,1.0,24/93,25.77%,VDAC3;RPL39L;DDX25;ZC3H14;ARL4A;SCG5;PSMG1;BRAF;RFC4;AGFG1;IFT88;MLF1;JAM3;HSPA4L;RAD17;HSPA1L;CLVS1;SIRT1;SNAP91;CFTR;CLGN;TALDO1;ART3;CDK1
prerank,CUSTOM_PLASMA_B_CELL,-0.3043661244844391,-0.7967553109154681,0.7237113402061855,0.8874323511725797,1.0,4/10,32.61%,IGHA;CD79A;MS4A1;CD79B
prerank,HALLMARK_ALLOGRAFT_REJECTION,-0.17686172820677487,-0.8860877464545159,0.7836538461538461,0.747398215467969,1.0,57/161,28.89%,CCND2;TGFB2;IRF8;CCND3;EIF4G3;CD4;TAPBP;LCK;CSK;TAP1;STAB1;CD74;HCLS1;TLR2;PTPN6;FYB1;TGFB1;SOCS1;ETS1;ELF4;IL2RB;ZAP70;IKBKB;ITGAL;FGR;CCL5;CD79A;FLNA;ICAM1;NCF4;STAT1;CD3E;CXCR3;MAP4K1;CD247;CCL22;IRF4;IL16;CSF1;PTPRC;NLRP3;LYN;IL2RA;IRF7;CD47;TAP2;ACHE;IL11;CD2;CD28;CD8A;CD40;IL27RA;AKT1;PRKCB;TRAT1;CFP
prerank,HALLMARK_KRAS_SIGNALING_UP,-0.18707223004997567,-0.9558816646784526,0.5836477987421383,0.5906682200841852,1.0,39/178,18.98%,ENG;CCND2;IGF2;IRF8;JUP;CD37;DNMBP;SOX9;MALL;NRP1;MMP11;TRAF1;IKZF1;ADGRA2;GUCY1A1;GFPT2;PEG3;ARG1;TNFRSF1B;PPP1R15A;FLT4;CBL;ETS1;ANO1;PIGR;IL10RA;USP12;FUCA1;IGFBP3;CMKLR1;LAPTM5;PCSK1N;CSF2RA;GYPC;DOCK2;ACE;ALDH1A3;SEMA3B;MAP4K1
prerank,HALLMARK_GLYCOLYSIS,-0.1918403018353694,-0.9694354322324145,0.5470588235294118,0.5732947969403656,1.0,41/181,19.13%,CHPF2;CLN6;GMPPA;PHKA2;B3GAT3;RBCK1;AGRN;CAPN5;PKM;SOX9;IRS2;GOT2;VEGFA;EXT2;GPC1;CACNA1H;COG2;ALDH9A1;MED24;XYLT2;CHPF;IDUA;B4GALT1;B3GAT1;B4GALT2;PAM;IGFBP3;PMM2;PYGB;GALK1;SLC25A10;GNE;VLDLR;ANKZF1;ALDOB;MERTK;PLOD1;HDLBP;ENO2;ECD;PPFIA4
prerank,CUSTOM_HOMEOSTATIC_MICROGLIA,-0.352845897254567,-0.9853141698121791,0.4697286012526096,0.5478345693859825,1.0,5/12,25.24%,CX3CR1;OLFML3;SELPLG;TMEM119;SALL1
prerank,HALLMARK_INFLAMMATORY_RESPONSE,-0.1991389207565434,-1.002018565128131,0.4294478527607362,0.5223339623032741,1.0,46/172,24.26%,RELA;PTGIR;AXL;IL15RA;TAPBP;LCK;IRF1;P2RX7;STAB1;LY6E;CX3CL1;CD82;APLNR;ITGA5;TLR2;TNFRSF1B;IL2RB;GNA15;IL10RA;EBI3;CMKLR1;PTAFR;CCL5;NOD2;HPN;SLC7A1;ICAM1;P2RX4;RAF1;BEST1;NFKB1;EDN1;CCL22;AQP9;PTPRE;CSF1;SCN1B;IL18R1;AHR;PIK3R5;NLRP3;LYN;GP1BA;IRF7;SELE;CSF3R
prerank,HALLMARK_HEME_METABOLISM,-0.2074955275122418,-1.0498058481571342,0.3215547703180212,0.41853792629499187,1.0,47/178,22.32%,PPOX;VEZF1;ADD1;FOXJ2;CCND3;GAPVD1;BCAM;IGSF3;PPP2R5B;TNS1;RNF123;LRP10;PIGQ;EIF2AK1;SEC14L1;HTRA2;OSBP2;SIDT2;TNRC6B;SYNJ1;MFHAS1;RAP1GAP;ACKR1;ATP6V0A1;BMP2K;EPB41;E2F2;SPTB;SLC6A8;CAT;RBM5;UCP2;GYPC;RAD23A;NFE2L1;EZH1;HDGF;SLC25A37;SMOX;MOCOS;C3;SLC25A38;SLC6A9;ALAS2;TENT5C;BTRC;TMCC2
prerank,HALLMARK_PI3K_AKT_MTOR_SIGNALING,-0.22912965224820672,-1.0515917837328004,0.3557582668187001,0.42944552088669147,1.0,24/99,17.46%,PLCG1;CALR;NOD1;ITPR2;RPS6KA1;TNFRSF1A;LCK;GSK3B;SQSTM1;ARHGDIA;IRAK4;GRK2;GRB2;TSC2;RPTOR;DUSP3;SFN;STAT2;PRKAG1;RAC1;RALB;PAK4;AKT1S1;RAF1
prerank,HALLMARK_ESTROGEN_RESPONSE_LATE,-0.2097236431392672,-1.0680731292201446,0.29559748427672955,0.4058852552538662,0.9995,48/171,23.79%,SLC2A8;SCARB1;NCOR2;CCND1;FARP1;IL6ST;DLG5;ITPK1;ATP2B4;FOXC1;PLXNB1;ABCA3;LLGL2;PTPN6;SLC24A3;LARGE1;JAK1;NBL1;SFN;ST6GALNAC2;DNAJC1;ANXA9;SLC7A5;SCUBE2;TPSAB1;CACNA2D2;SLC22A5;WFS1;IL17RB;HR;IGFBP4;ASS1;EMP2;ADD3;PTGES;CISH;FLNB;SEMA3B;PKP3;SORD;CXCL12;NAB2;SCNN1A;XRCC3;LSR;DHCR7;MDK;MYB
prerank,HALLMARK_UV_RESPONSE_UP,-0.2249094816878109,-1.1103403679311057,0.2094361334867664,0.3278829424734415,0.997,35/142,18.94%,RXRB;MSX1;GRINA;CCND3;PRKCD;CDKN1C;IL6ST;AGO2;IRF1;MARK2;FURIN;ARRB2;SQSTM1;TAP1;WIZ;DGAT1;TGFBRAP1;CLCN2;HYAL2;KLHDC3;STARD3;EPHX1;GPX3;HSPA2;SLC6A8;ICAM1;PRPF3;KCNH2;SIGMAR1;MGAT1;PRKACA;CLTB;DLG4;RRAD;ENO2
prerank,HALLMARK_APOPTOSIS,-0.23798951715680375,-1.1712255785916235,0.11805555555555555,0.23327153070087525,0.9815,28/147,13.93%,CCND2;CREBBP;TGFB2;ADD1;PDGFRB;RELA;RARA;PPP2R5B;CCND1;CDC25B;MADD;SMAD7;IRF1;SQSTM1;ERBB2;TAP1;RHOT2;CFLAR;AIFM3;BMF;LEF1;APP;BGN;IGF2R;GNA15;GPX3;LMNA;TXNIP
prerank,HALLMARK_HYPOXIA,-0.2336093307602862,-1.1886938783174594,0.10867052023121387,0.21565008235509422,0.9655,42/179,21.15%,PFKL;SCARB1;SLC6A6;NDST1;NDST2;CDKN1C;MYH9;EFNA1;ATP7A;KLF7;IRS2;INHA;VEGFA;SDC4;PIM1;GPC1;NDRG1;BGN;GAA;LARGE1;PPP1R15A;CAVIN1;ETS1;GRHPR;PAM;IGFBP3;TGM2;TGFB3;GALK1;HK1;NAGK;VLDLR;FBP1;ANKZF1;ALDOB;PFKFB3;HDLBP;ENO2;PPFIA4;SLC25A1;RBPJ;MAP3K1
prerank,HALLMARK_COAGULATION,-0.25244331849111445,-1.1904776932056393,0.13604651162790699,0.2227883161136318,0.965,34/108,23.27%,CSRP1;APOA1;CAPN5;GNB2;CRIP2;RAPGEF3;FURIN;KLF7;MMP11;VWF;MMP15;LRP1;USP11;BMP1;SIRT2;HTRA1;GP9;C1QA;SERPINC1;RGN;RAC1;HPN;COMP;F10;TIMP3;C3;PREP;C9;PECAM1;CLU;APOC1;CPN1;MASP2;GP1BA
prerank,HALLMARK_IL2_STAT5_SIGNALING,-0.23815726113671193,-1.2298586962800317,0.06332138590203107,0.18131126573700235,0.932,55/187,24.42%,CCND2;IRF8;MYO1C;HUWE1;CCND3;PLEC;CDKN1C;LRRC8C;IGF1R;SELP;FURIN;NRP1;ITGA6;NCOA3;MAPKAPK2;TRAF1;PIM1;NDRG1;COL6A1;RNH1;TNFRSF1B;SOCS1;IGF2R;SLC1A5;IL3RA;IL2RB;ADAM19;SYNGR2;IL10RA;SERPINC1;ST3GAL4;TGM2;IL1RL1;P2RX4;CKAP4;IKZF4;BCL2L1;CISH;PUS1;HIPK2;SLC29A2;GBP4;SHE;IRF4;ECM1;CSF1;NCS1;PRAF2;IL18R1;AHR;FAH;IL2RA;DHRS3;SPRED2;MYO1E
prerank,HALLMARK_XENOBIOTIC_METABOLISM,-0.24827220507979686,-1.2484615369330583,0.06420927467300833,0.1670695530166366,0.9125,52/163,24.90%,CSAD;TGFB2;IRF8;SLC6A6;BCAR1;JUP;SLC12A4;GCKR;TNFRSF1A;LONP1;SHMT2;ATOH8;NMT1;ETS2;APOE;NINJ1;ACP2;ALDH9A1;ARG1;SLC1A5;ALDH2;AOX1;EPHX1;RAP1GAP;XDH;ACOX3;ASL;CAT;CYP2E1;ALDH3A1;IGFBP4;FBP1;PTGES;F10;CYP27A1;DDAH2;SMOX;GNMT;PGD;EPHA2;AQP9;LCAT;CYP2S1;ESR1;ABCC3;FAH;POR;FBLN1;VTN;MPP2;CDA;GSTM4
prerank,HALLMARK_P53_PATHWAY,-0.2517164421922609,-1.2828778115735673,0.03804994054696789,0.13859543627559578,0.858,56/186,20.75%,CCND2;PRKAB1;ITGB4;TRAFD1;CEBPA;RXRA;CCND3;NOTCH1;TCN2;OSGIN1;POM121;PLXNB2;RAD9A;TAP1;SEC61A1;HDAC3;XPC;JAG2;PHLDA3;PTPN14;CD82;MXD4;NINJ1;NDRG1;APP;RHBDF2;PITPNC1;ABHD4;IRAK1;TGFB1;PPP1R15A;SOCS1;SFN;EPS8L2;MAPKAPK3;TSPYL2;STEAP3;EPHX1;ZFP36L1;FUCA1;TXNIP;ABCC5;TRAF4;ERCC5;IER5;SP1;BLCAP;PIDD1;TM7SF3;RRAD;BAIAP2;EPHA2;PLK2;BAK1;PTPRE;CTSF
prerank,HALLMARK_EPITHELIAL_MESENCHYMAL_TRANSITION,-0.2537576704386056,-1.2943464043104227,0.026837806301050177,0.1345582503730429,0.8305,59/189,24.15%,MSX1;COL7A1;PDGFRB;FMOD;COL4A2;ELN;DAB2;FSTL3;NID2;MYLK;PMEPA1;COL4A1;LAMC1;COL6A2;VEGFA;SDC4;FSTL1;FBLN2;COLGALT1;GPC1;LRP1;ITGA5;BGN;BMP1;TGFB1;DST;LOXL1;HTRA1;EFEMP2;PLOD3;LAMA2;PDLIM4;FUCA1;IGFBP3;TGM2;P3H1;SLC6A8;COL5A3;IGFBP4;FLNA;COMP;ANPEP;COL16A1;PLOD1;TIMP3;ENO2;ITGB5;CXCL12;SLIT3;FZD8;ECM1;FERMT2;FBLN1;PCOLCE;TGFBI;GAS1;ABI3BP;WIPF1;SNAI2
prerank,HALLMARK_NOTCH_SIGNALING,-0.3703190607953154,-1.332830468950925,0.09247311827956989,0.10639406694728402,0.73,17/32,28.37%,NOTCH3;KAT2A;NOTCH1;CCND1;ARRB1;TCF7L2;HEYL;JAG1;FZD7;MAML2;FZD1;PSEN2;DTX2;NOTCH2;LFNG;PPARD;APH1A
prerank,HALLMARK_TNFA_SIGNALING_VIA_NFKB,-0.279793515510022,-1.4182576255467052,0.00823529411764706,0.06116456203648026,0.5185,42/177,18.64%,TRIP10;KDM6B;RELA;STAT5A;CCND1;CLCF1;IL15RA;IL6ST;EFNA1;EHD1;IRF1;PMEPA1;TNIP1;SQSTM1;TAP1;CFLAR;RELB;PLPP3;IRS2;JAG1;ETS2;VEGFA;SDC4;TRAF1;SLC16A6;SMAD3;NINJ1;TLR2;GFPT2;PPP1R15A;B4GALT1;MARCKS;MSC;TNIP2;CCL5;ICAM1;IER5;BCL6;NFKB2;NFKB1;PFKFB3;EDN1
prerank,HALLMARK_UV_RESPONSE_DN,-0.2933971055110588,-1.4295783051878368,0.007237635705669481,0.05992650497761742,0.487,40/141,20.08%,PIAS3;PDGFRB;MGLL;NFIB;RXRA;RBPMS;CELF2;ADGRL2;DAB2;IGF1R;FZD2;SIPA1L1;SMAD7;PIK3CD;DLC1;MTA1;ERBB2;NRP1;LAMC1;PLPP3;IGFBP5;SMAD3;ATP2B4;DBP;PEX14;ZMIZ1;MAP1B;NIPBL;VAV2;PTPRM;SLC7A1;ADD3;VLDLR;APBB2;NFKB1;SYNE1;CDC42BPA;PRDM2;MAGI2;BCKDHB
prerank,HALLMARK_INTERFERON_GAMMA_RESPONSE,-0.2819295061915471,-1.4383151479595118,0.007334963325183374,0.06011797382813619,0.464,61/177,23.38%,IRF8;CIITA;AUTS2;TRAFD1;RBCK1;IRF5;NOD1;PML;IL15RA;TAPBP;SELP;IRF1;TAP1;OAS2;LY6E;MVP;TRIM25;ADAR;NCOA3;CD74;ARID5B;ZNFX1;OGFR;STAT3;SAMHD1;PIM1;NLRC5;SLC25A28;PTPN6;SOCS1;STAT2;IL2RB;DHX58;PARP12;IL10RA;TXNIP;CMKLR1;HELZ2;PARP14;CCL5;DDX60;ICAM1;RSAD2;OAS3;STAT1;NFKB1;BANK1;MX2;NUP93;MX1;RNF31;GBP4;IRF2;IRF4;TRIM26;PSME1;IRF9;LGALS3BP;CMTR1;SSPN;PTPN1
prerank,HALLMARK_INTERFERON_ALPHA_RESPONSE,-0.3161997465977802,-1.441963571688114,0.013605442176870748,0.06275035848096581,0.454,33/86,24.22%,UBA7;TRAFD1;MOV10;IRF1;TAP1;LY6E;TRIM25;ADAR;CD74;OGFR;SLC25A28;STAT2;DHX58;PARP12;TXNIP;HELZ2;PARP14;DDX60;RSAD2;NUB1;MX1;RNF31;GBP4;IRF2;GMPR;CSF1;TRIM26;PSME1;IRF9;LGALS3BP;CMTR1;IRF7;CD47
prerank,HALLMARK_ANGIOGENESIS,-0.4194218597237183,-1.5604616017245994,0.014590347923681257,0.026010556557760404,0.2025,12/33,12.25%,MSX1;CCND2;FGFR1;KCNJ8;NRP1;JAG2;JAG1;VEGFA;FSTL1;SLCO2A1;APP;VAV2
prerank,HALLMARK_ESTROGEN_RESPONSE_EARLY,-0.30964254424355286,-1.5640550922866612,0.0012531328320802004,0.028065380200076533,0.2,46/177,17.39%,SCARB1;NAV2;KDM4B;NCOR2;RARA;CCND1;MED13L;FARP1;IL6ST;IGF1R;PODXL;CBFA2T3;DLC1;ADCY9;MPPED2;SH3BP5;CANT1;AKAP1;ITPK1;FOXC1;NADSYN1;ABCA3;MED24;SLC24A3;NBL1;SFN;ANXA9;B4GALT1;SLC7A5;TGM2;TTC39A;SLC22A5;WFS1;ABLIM1;IL17RB;HR;IGFBP4;OLFML3;ADD3;UNC119;PTGES;MYBBP1A;GREB1;SVIL;CISH;FLNB
prerank,CUSTOM_CHOROID_PLEXUS,-0.5679171753991294,-1.6286444221231444,0.021632251720747297,0.018332331128482662,0.123,12/13,42.38%,AQP1;OTX2;F5;SOSTDC1;IGFBP2;SLC4A5;CLIC6;ENPP2;FOLR1;KL;PRLR;KCNJ13
prerank,HALLMARK_TGF_BETA_SIGNALING,-0.4026117981583528,-1.635776862377128,0.007874015748031496,0.019460591078149705,0.118,15/53,10.55%,ENG;NCOR2;LTBP2;CDKN1C;SKI;RHOA;SMAD7;FURIN;PMEPA1;SMAD6;SMAD3;CDK9;SPTBN1;TGFB1;PPP1R15A
prerank,HALLMARK_IL6_JAK_STAT3_SIGNALING,-0.3763825569907574,-1.6673647049532716,0.005681818181818182,0.01695229504910804,0.094,32/75,25.35%,TYK2;IL15RA;IL6ST;TNFRSF1A;IRF1;ACVRL1;STAT3;GRB2;PIM1;CRLF2;TLR2;TGFB1;TNFRSF1B;SOCS1;CBL;STAT2;IL3RA;EBI3;IL17RB;CSF2RA;IL17RA;STAT1;BAK1;CSF1;IRF9;IL18R1;PIK3R5;IL9R;PTPN1;IL2RA;CSF3R;CNTFR
prerank,HALLMARK_MYOGENESIS,-0.329305906021358,-1.686497587491412,0.0,0.016940125418778457,0.0825,55/185,19.32%,SH2B1;ITGB4;NAV2;HDAC5;EFS;MYO1C;MEF2D;AGRN;NOTCH1;COL4A2;MYH11;FOXO4;MYH9;PLXNB2;MYLK;KIFC3;PDLIM7;SMTN;ADCY9;OCEL1;DMPK;MAPRE3;MAPK12;COL6A2;TSC2;CACNA1H;APLNR;APP;FLII;GAA;LARGE1;TGFB1;PICK1;SORBS1;SIRT2;IGFBP7;SYNGR2;EPHB3;GPX3;ITGA7;LAMA2;SORBS3;IGFBP3;PTP4A3;ABLIM1;SLC6A8;TPM3;KCNH2;MYBPH;SVIL;BIN1;AEBP1;PPFIA4;ITGB5;SOD3
prerank,HALLMARK_KRAS_SIGNALING_DN,-0.36753111474707234,-1.802200886509051,0.0,0.005906327253290572,0.026,55/133,29.07%,SYNPO;DTNB;TGFB2;SLC38A3;CACNA1F;CAMK1D;RGS11;MAST3;KMT2D;GTF3C5;SLC29A3;STAG3;SLC25A23;MTHFR;CLSTN3;NRIP2;IDUA;HSD11B2;CCDC106;SPHK2;TCF7L1;PDK2;DLK2;TFAP2B;TENM2;RSAD2;GAMT;SLC5A5;ABCG4;GPRC5C;EDN1;ZC2HC1C;MX1;TG;TENT5C;KCND1;PRODH;ASB7;GP1BA;TNNI3;YBX2;BARD1;CDH16;CNTFR;ACTC1;COL2A1;LFNG;EDAR;PAX3;FGFR3;SELENOP;ZBTB16;KCNN1;ENTPD7;CPEB3
prerank,HALLMARK_HEDGEHOG_SIGNALING,-0.48979728558134894,-1.8106053112856335,0.0021008403361344537,0.006678693124874725,0.0245,14/33,17.96%,LDB1;TLE3;PML;MYH9;ADGRG1;NRP1;ETS2;VEGFA;NF1;GLI1;VLDLR;OPHN1;CDK6;TLE1
prerank,HALLMARK_WNT_BETA_CATENIN_SIGNALING,-0.4938517201512225,-1.9115945353063635,0.0,0.0022148727199839645,0.0065,21/39,24.28%,CCND2;NCOR2;HDAC5;KAT2A;AXIN1;NOTCH1;DVL2;JAG2;JAG1;LEF1;NOTCH4;CSNK1E;NUMB;NKD1;AXIN2;SKP2;FZD8;RBPJ;HDAC11;FZD1;PSEN2
prerank,HALLMARK_MITOTIC_SPINDLE,-0.40591908872745736,-2.109320147499547,0.0,0.0006814992984566045,0.0015,67/195,20.35%,MARK4;SYNPO;CDC42EP1;PXN;MAP1S;WASF2;NUMA1;NCK2;PLEKHG2;BCAR1;MYO9B;CSNK1D;ARHGEF7;BCR;MAP3K11;MYH9;FARP1;CNTROB;KPTN;ACTN4;ITSN1;KATNB1;HDAC6;ARHGAP27;ARHGDIA;RHOT2;CEP131;ABL1;ARHGAP4;TAOK2;CEP250;FSCN1;TRIO;TBCD;STAU1;KLC1;SPTBN1;DST;NF1;LLGL1;DOCK4;INCENP;CLIP2;AKAP13;ARAP3;SHROOM1;PCNT;CYTH2;MARCKS;EPB41;ARHGEF11;TUBGCP6;CLIP1;FLNA;CDC42EP4;PALLD;DOCK2;OPHN1;EZR;FLNB;BIN1;ARHGAP10;BRCA2;NEDD9;CDC42BPA;PREX1;SPTAN1
prerank,HALLMARK_APICAL_JUNCTION,-0.4226993948769337,-2.1526832474718187,0.0,0.0003407496492283023,0.0005,61/186,17.07%,WNK4;PLCG1;THBS3;LIMA1;ITGB4;NECTIN1;RRAS;TMEM8B;NLGN2;CERCAM;TUBG1;JUP;ITGA9;MAP4K2;PCDH1;LDLRAP1;PKD1;ACTB;ICAM2;ITGA3;ADAM15;NF2;CLDN19;MYH9;CNN2;SYMPK;TSPAN4;ACTN4;ITGA10;ACTN1;ZYX;CAP1;ARHGEF6;TAOK2;CX3CL1;INPPL1;VWF;FSCN1;TRAF1;NECTIN2;VASP;SHC1;DHX16;BMP1;FYB1;NF1;B4GALT1;VAV2;EXOC4;SORBS3;GNAI2;ATP1A3;CTNND1;PBX2;SYK;ICAM1;GAMT;KCNH2;CDH3;COL16A1;CLDN5
prerank,HALLMARK_APICAL_SURFACE,-0.5836593019827733,-2.1845069177681133,0.0010235414534288639,0.0006814992984566046,0.0005,19/35,23.52%,CROCC;FLOT2;GATA3;TMEM8B;EPHB4;SCUBE1;AFAP1L2;EFNA5;NCOA6;CX3CL1;SULF2;APP;IL2RB;B4GALT1;RTN4RL1;CRYBG1;MDGA1;LYN;GAS1
