,PC1,PC2,PC3,PC4,PC5,PC6,sample,animal,genotype,sex,guide,group,cohort
VT3YXB_1,-55.079634175124674,27.316662115087862,5.936270654971295,-1.222680009256585,-2.049373802309646,9.189325503660921,0453_5xFAD_M_SPP1,0453,5xFAD,M,SPP1,5xFAD_SPP1,0xxx
VT3YXB_2,-5.68995604300614,3.58883925778925,5.0065110208838375,-2.509296656657616,-2.9385713322533573,-13.599295703830634,612_5xFAD_M_SPP1,612,5xFAD,M,SPP1,5xFAD_SPP1,6xx
VT3YXB_3,-30.438776275801256,15.232758756850822,5.242387890749544,-0.7177423035032025,7.72107115430303,-6.755250906616996,613_5xFAD_M_SPP1,613,5xFAD,M,SPP1,5xFAD_SPP1,6xx
VT3YXB_4,-17.437745567874366,-8.595597680597885,-20.606373224336384,1.959699292992405,6.249485897067947,-1.0535761961974623,621_5xFAD_F_SPP1,621,5xFAD,F,SPP1,5xFAD_SPP1,6xx
VT3YXB_5,4.5044532215951465,-23.37429954817666,4.034489097866681,2.6941948647509655,14.539269993308288,-2.5720917761302884,0463_5xFAD_F_SPP1,0463,5xFAD,F,SPP1,5xFAD_SPP1,0xxx
VT3YXB_6,14.028334748049256,-12.574369201574207,12.327756033386542,6.4682655035610805,-4.939283730974046,4.638292571148569,0455_5xFAD_F_SPP1,0455,5xFAD,F,SPP1,5xFAD_SPP1,0xxx
VT3YXB_7,-6.946529307416836,-12.854455371968111,4.137121049687675,-5.432996044268922,2.454895527795455,-5.434642163839925,616_WT_M_NTC,616,WT,M,NTC,WT_NTC,6xx
VT3YXB_8,25.600807506288753,21.17405727008951,-5.964982749897795,-11.139471345249891,-4.153058078106224,7.932231571462088,611_WT_M_NTC,611,WT,M,NTC,WT_NTC,6xx
VT3YXB_9,16.26197979803399,14.93723850345044,-14.75009319199358,-2.660906440246373,3.0439771034389738,2.0787799928197956,626_WT_M_NTC,626,WT,M,NTC,WT_NTC,6xx
VT3YXB_10,27.143900251788256,12.47210105350562,-0.2611968575059574,2.3749301983652464,10.90547663375039,2.73857146734366,624_WT_F_NTC,624,WT,F,NTC,WT_NTC,6xx
VT3YXB_11,33.507744388548666,12.012000396288053,8.372618662641512,6.109119495133275,5.244856593780071,1.401985044990843,623_WT_F_NTC,623,WT,F,NTC,WT_NTC,6xx
VT3YXB_12,19.432262848181164,21.87345721120609,-6.378871869732994,8.62304964443395,-11.105735210111721,-11.191659485385093,0466_WT_F_NTC,0466,WT,F,NTC,WT_NTC,0xxx
VT3YXB_13,10.279463217356119,-19.522096786880635,7.9205109368210325,-18.782807058083893,-4.274023865767629,2.2148835442530395,617_5xFAD_M_NTC,617,5xFAD,M,NTC,5xFAD_NTC,6xx
VT3YXB_14,5.150416689324964,-12.229299780673445,3.5166804383910124,-7.514724918740244,-7.0058543699212406,-0.16166613444040218,0452_5xFAD_M_NTC,0452,5xFAD,M,NTC,5xFAD_NTC,0xxx
VT3YXB_15,-16.39802979520063,-0.11892172672406011,1.060045503082156,-5.662057002953215,-1.9179122639525321,-4.791282971413918,0451_5xFAD_M_NTC,0451,5xFAD,M,NTC,5xFAD_NTC,0xxx
VT3YXB_16,-7.437699462964992,-1.0387312842075425,10.03215670733854,7.85928158742503,1.1355348354209218,8.846823110632597,629_5xFAD_F_NTC,629,5xFAD,F,NTC,5xFAD_NTC,6xx
VT3YXB_17,-10.918198137192062,-22.603145565510502,-22.350394687121458,2.246168469053988,-3.9796346472397373,4.782704758489597,0469_5xFAD_F_NTC,0469,5xFAD,F,NTC,5xFAD_NTC,0xxx
VT3YXB_18,-5.562793904585322,-15.696197617954631,2.725364584768292,17.307972723244063,-8.93112043822894,1.735867773053604,620_5xFAD_F_NTC,620,5xFAD,F,NTC,5xFAD_NTC,6xx
