ref_class,cells,datasets,is_fibroblast
B_cell,1200,14,False
FIB_brain_perivascular,1200,4,True
FIB_dura,1200,1,True
FIB_leptomeningeal,1200,7,True
NK_ILC,1200,9,False
OPC,1200,10,False
T_cell,1200,10,False
adipocyte,409,2,False
astrocyte,1200,10,False
chondrocyte,1200,5,False
choroid_plexus_epithelial,1200,1,False
dendritic_cell,1200,9,False
endothelial,1200,25,False
ependymal,1012,5,False
erythrocyte,1200,9,False
keratinocyte,900,3,False
macrophage,1200,19,False
mast_cell,1096,7,False
microglia,1200,13,False
monocyte,1200,8,False
neuron,1200,12,False
neutrophil,1200,12,False
olfactory_ensheathing,1200,1,False
olfactory_epithelial,1200,1,False
olfactory_receptor_neuron,1200,1,False
oligodendrocyte,1200,12,False
osteoblast,466,2,False
osteoclast,1200,1,False
pericyte,1200,20,False
plasma_cell,1066,5,False
schwann,1200,6,False
skeletal_muscle,1200,5,False
smooth_muscle,1200,12,False
